date,AdrActCnt
2020-10-05 00:00:00+00:00,946902.0
2020-10-06 00:00:00+00:00,978521.0
2020-10-07 00:00:00+00:00,1063425.0
2020-10-08 00:00:00+00:00,1033122.0
2020-10-09 00:00:00+00:00,1006667.0
2020-10-10 00:00:00+00:00,917402.0
2020-10-11 00:00:00+00:00,791020.0
2020-10-12 00:00:00+00:00,945894.0
2020-10-13 00:00:00+00:00,1049377.0
2020-10-14 00:00:00+00:00,952949.0
2020-10-15 00:00:00+00:00,1035214.0
2020-10-16 00:00:00+00:00,973228.0
2020-10-17 00:00:00+00:00,851147.0
2020-10-18 00:00:00+00:00,744786.0
2020-10-19 00:00:00+00:00,930306.0
2020-10-20 00:00:00+00:00,1011847.0
2020-10-21 00:00:00+00:00,1013298.0
2020-10-22 00:00:00+00:00,1048775.0
2020-10-23 00:00:00+00:00,977710.0
2020-10-24 00:00:00+00:00,1098917.0
2020-10-25 00:00:00+00:00,851199.0
2020-10-26 00:00:00+00:00,825846.0
2020-10-27 00:00:00+00:00,827512.0
2020-10-28 00:00:00+00:00,817505.0
2020-10-29 00:00:00+00:00,887772.0
2020-10-30 00:00:00+00:00,901403.0
2020-10-31 00:00:00+00:00,875335.0
2020-11-01 00:00:00+00:00,897445.0
2020-11-02 00:00:00+00:00,777173.0
2020-11-03 00:00:00+00:00,1029970.0
2020-11-04 00:00:00+00:00,1175181.0
2020-11-05 00:00:00+00:00,1071518.0
2020-11-06 00:00:00+00:00,1080743.0
2020-11-07 00:00:00+00:00,1055012.0
2020-11-08 00:00:00+00:00,920529.0
2020-11-09 00:00:00+00:00,1188873.0
2020-11-10 00:00:00+00:00,1026623.0
2020-11-11 00:00:00+00:00,1004339.0
2020-11-12 00:00:00+00:00,1064270.0
2020-11-13 00:00:00+00:00,999523.0
2020-11-14 00:00:00+00:00,915336.0
2020-11-15 00:00:00+00:00,845204.0
2020-11-16 00:00:00+00:00,1041491.0
2020-11-17 00:00:00+00:00,1142716.0
2020-11-18 00:00:00+00:00,1197076.0
2020-11-19 00:00:00+00:00,1052034.0
2020-11-20 00:00:00+00:00,1177776.0
2020-11-21 00:00:00+00:00,1007240.0
2020-11-22 00:00:00+00:00,875364.0
2020-11-23 00:00:00+00:00,1014814.0
2020-11-24 00:00:00+00:00,1052398.0
2020-11-25 00:00:00+00:00,1127776.0
2020-11-26 00:00:00+00:00,1115848.0
2020-11-27 00:00:00+00:00,1099990.0
2020-11-28 00:00:00+00:00,1038684.0
2020-11-29 00:00:00+00:00,875712.0
2020-11-30 00:00:00+00:00,903580.0
2020-12-01 00:00:00+00:00,1179012.0
2020-12-02 00:00:00+00:00,1015318.0
2020-12-03 00:00:00+00:00,1165469.0
2020-12-04 00:00:00+00:00,1070208.0
2020-12-05 00:00:00+00:00,1077064.0
2020-12-06 00:00:00+00:00,906549.0
2020-12-07 00:00:00+00:00,1017188.0
2020-12-08 00:00:00+00:00,1057637.0
2020-12-09 00:00:00+00:00,1059284.0
2020-12-10 00:00:00+00:00,995137.0
2020-12-11 00:00:00+00:00,1078069.0
2020-12-12 00:00:00+00:00,962538.0
2020-12-13 00:00:00+00:00,938739.0
2020-12-14 00:00:00+00:00,977389.0
2020-12-15 00:00:00+00:00,1047043.0
2020-12-16 00:00:00+00:00,1098912.0
2020-12-17 00:00:00+00:00,1066159.0
2020-12-18 00:00:00+00:00,1194851.0
2020-12-19 00:00:00+00:00,1158142.0
2020-12-20 00:00:00+00:00,1075417.0
2020-12-21 00:00:00+00:00,1126710.0
2020-12-22 00:00:00+00:00,1095221.0
2020-12-23 00:00:00+00:00,1138302.0
2020-12-24 00:00:00+00:00,969168.0
2020-12-25 00:00:00+00:00,1021183.0
2020-12-26 00:00:00+00:00,957062.0
2020-12-27 00:00:00+00:00,1049825.0
2020-12-28 00:00:00+00:00,1154354.0
2020-12-29 00:00:00+00:00,1146131.0
2020-12-30 00:00:00+00:00,1221579.0
2020-12-31 00:00:00+00:00,1193822.0
2021-01-01 00:00:00+00:00,1001890.0
2021-01-02 00:00:00+00:00,1140633.0
2021-01-03 00:00:00+00:00,1184688.0
2021-01-04 00:00:00+00:00,1270082.0
2021-01-05 00:00:00+00:00,1230529.0
2021-01-06 00:00:00+00:00,1344921.0
2021-01-07 00:00:00+00:00,1292297.0
2021-01-08 00:00:00+00:00,1237271.0
2021-01-09 00:00:00+00:00,1094947.0
2021-01-10 00:00:00+00:00,1177151.0
2021-01-11 00:00:00+00:00,1211948.0
2021-01-12 00:00:00+00:00,1202314.0
2021-01-13 00:00:00+00:00,1163164.0
2021-01-14 00:00:00+00:00,1167975.0
2021-01-15 00:00:00+00:00,1209589.0
2021-01-16 00:00:00+00:00,1115276.0
2021-01-17 00:00:00+00:00,1002014.0
2021-01-18 00:00:00+00:00,1077578.0
2021-01-19 00:00:00+00:00,1095890.0
2021-01-20 00:00:00+00:00,1107233.0
2021-01-21 00:00:00+00:00,1059467.0
2021-01-22 00:00:00+00:00,1115180.0
2021-01-23 00:00:00+00:00,1128728.0
2021-01-24 00:00:00+00:00,1004162.0
2021-01-25 00:00:00+00:00,1121794.0
2021-01-26 00:00:00+00:00,1182517.0
2021-01-27 00:00:00+00:00,1106142.0
2021-01-28 00:00:00+00:00,1097896.0
2021-01-29 00:00:00+00:00,1208741.0
2021-01-30 00:00:00+00:00,1087755.0
2021-01-31 00:00:00+00:00,1063553.0
2021-02-01 00:00:00+00:00,999221.0
2021-02-02 00:00:00+00:00,1202183.0
2021-02-03 00:00:00+00:00,1187019.0
2021-02-04 00:00:00+00:00,1226684.0
2021-02-05 00:00:00+00:00,1257476.0
2021-02-06 00:00:00+00:00,1147256.0
2021-02-07 00:00:00+00:00,1159518.0
2021-02-08 00:00:00+00:00,1249543.0
2021-02-09 00:00:00+00:00,1174227.0
2021-02-10 00:00:00+00:00,1191329.0
2021-02-11 00:00:00+00:00,1052110.0
2021-02-12 00:00:00+00:00,1157108.0
2021-02-13 00:00:00+00:00,1217682.0
2021-02-14 00:00:00+00:00,1122976.0
2021-02-15 00:00:00+00:00,1140491.0
2021-02-16 00:00:00+00:00,989854.0
2021-02-17 00:00:00+00:00,1134666.0
2021-02-18 00:00:00+00:00,1138881.0
2021-02-19 00:00:00+00:00,1248515.0
2021-02-20 00:00:00+00:00,1187083.0
2021-02-21 00:00:00+00:00,1047141.0
2021-02-22 00:00:00+00:00,1094544.0
2021-02-23 00:00:00+00:00,1054613.0
2021-02-24 00:00:00+00:00,1230122.0
2021-02-25 00:00:00+00:00,1217040.0
2021-02-26 00:00:00+00:00,1114180.0
2021-02-27 00:00:00+00:00,1202477.0
2021-02-28 00:00:00+00:00,1033508.0
2021-03-01 00:00:00+00:00,1073523.0
2021-03-02 00:00:00+00:00,1119669.0
2021-03-03 00:00:00+00:00,1185450.0
2021-03-04 00:00:00+00:00,1042797.0
2021-03-05 00:00:00+00:00,1154593.0
2021-03-06 00:00:00+00:00,1147083.0
2021-03-07 00:00:00+00:00,1043256.0
2021-03-08 00:00:00+00:00,1164249.0
2021-03-09 00:00:00+00:00,1088598.0
2021-03-10 00:00:00+00:00,1165773.0
2021-03-11 00:00:00+00:00,1084417.0
2021-03-12 00:00:00+00:00,1186618.0
2021-03-13 00:00:00+00:00,1104466.0
2021-03-14 00:00:00+00:00,1155175.0
2021-03-15 00:00:00+00:00,1167577.0
2021-03-16 00:00:00+00:00,1161912.0
2021-03-17 00:00:00+00:00,1110541.0
2021-03-18 00:00:00+00:00,1219716.0
2021-03-19 00:00:00+00:00,1158820.0
2021-03-20 00:00:00+00:00,1124513.0
2021-03-21 00:00:00+00:00,1112554.0
2021-03-22 00:00:00+00:00,1144113.0
2021-03-23 00:00:00+00:00,1234149.0
2021-03-24 00:00:00+00:00,1153475.0
2021-03-25 00:00:00+00:00,1218346.0
2021-03-26 00:00:00+00:00,1085835.0
2021-03-27 00:00:00+00:00,1149403.0
2021-03-28 00:00:00+00:00,1063472.0
2021-03-29 00:00:00+00:00,1115525.0
2021-03-30 00:00:00+00:00,1154381.0
2021-03-31 00:00:00+00:00,1234495.0
2021-04-01 00:00:00+00:00,1145125.0
2021-04-02 00:00:00+00:00,1103476.0
2021-04-03 00:00:00+00:00,1020968.0
2021-04-04 00:00:00+00:00,1032167.0
2021-04-05 00:00:00+00:00,1229289.0
2021-04-06 00:00:00+00:00,1180036.0
2021-04-07 00:00:00+00:00,1246138.0
2021-04-08 00:00:00+00:00,1092604.0
2021-04-09 00:00:00+00:00,1222362.0
2021-04-10 00:00:00+00:00,1163952.0
2021-04-11 00:00:00+00:00,1043812.0
2021-04-12 00:00:00+00:00,1126723.0
2021-04-13 00:00:00+00:00,1178027.0
2021-04-14 00:00:00+00:00,1149773.0
2021-04-15 00:00:00+00:00,1366494.0
2021-04-16 00:00:00+00:00,933121.0
2021-04-17 00:00:00+00:00,828375.0
2021-04-18 00:00:00+00:00,1057891.0
2021-04-19 00:00:00+00:00,884672.0
2021-04-20 00:00:00+00:00,1126908.0
2021-04-21 00:00:00+00:00,918079.0
2021-04-22 00:00:00+00:00,1114976.0
2021-04-23 00:00:00+00:00,1114180.0
2021-04-24 00:00:00+00:00,1125210.0
2021-04-25 00:00:00+00:00,1026103.0
2021-04-26 00:00:00+00:00,943203.0
2021-04-27 00:00:00+00:00,1092574.0
2021-04-28 00:00:00+00:00,1113474.0
2021-04-29 00:00:00+00:00,986056.0
2021-04-30 00:00:00+00:00,1122022.0
2021-05-01 00:00:00+00:00,1040203.0
2021-05-02 00:00:00+00:00,1248724.0
2021-05-03 00:00:00+00:00,1268856.0
2021-05-04 00:00:00+00:00,1293836.0
2021-05-05 00:00:00+00:00,1208973.0
2021-05-06 00:00:00+00:00,1228892.0
2021-05-07 00:00:00+00:00,1187763.0
2021-05-08 00:00:00+00:00,1169650.0
2021-05-09 00:00:00+00:00,1234486.0
2021-05-10 00:00:00+00:00,1315147.0
2021-05-11 00:00:00+00:00,1258920.0
2021-05-12 00:00:00+00:00,1245595.0
2021-05-13 00:00:00+00:00,1187747.0
2021-05-14 00:00:00+00:00,1066269.0
2021-05-15 00:00:00+00:00,953308.0
2021-05-16 00:00:00+00:00,971649.0
2021-05-17 00:00:00+00:00,962984.0
2021-05-18 00:00:00+00:00,856695.0
2021-05-19 00:00:00+00:00,1031147.0
2021-05-20 00:00:00+00:00,943686.0
2021-05-21 00:00:00+00:00,942736.0
2021-05-22 00:00:00+00:00,918673.0
2021-05-23 00:00:00+00:00,957018.0
2021-05-24 00:00:00+00:00,975836.0
2021-05-25 00:00:00+00:00,968674.0
2021-05-26 00:00:00+00:00,933622.0
2021-05-27 00:00:00+00:00,864432.0
2021-05-28 00:00:00+00:00,972164.0
2021-05-29 00:00:00+00:00,863265.0
2021-05-30 00:00:00+00:00,990443.0
2021-05-31 00:00:00+00:00,977895.0
2021-06-01 00:00:00+00:00,914351.0
2021-06-02 00:00:00+00:00,1090605.0
2021-06-03 00:00:00+00:00,1015474.0
2021-06-04 00:00:00+00:00,907519.0
2021-06-05 00:00:00+00:00,762659.0
2021-06-06 00:00:00+00:00,737174.0
2021-06-07 00:00:00+00:00,910652.0
2021-06-08 00:00:00+00:00,998834.0
2021-06-09 00:00:00+00:00,817282.0
2021-06-10 00:00:00+00:00,948298.0
2021-06-11 00:00:00+00:00,874050.0
2021-06-12 00:00:00+00:00,1013611.0
2021-06-13 00:00:00+00:00,799859.0
2021-06-14 00:00:00+00:00,972587.0
2021-06-15 00:00:00+00:00,963054.0
2021-06-16 00:00:00+00:00,954838.0
2021-06-17 00:00:00+00:00,865333.0
2021-06-18 00:00:00+00:00,825241.0
2021-06-19 00:00:00+00:00,688095.0
2021-06-20 00:00:00+00:00,652470.0
2021-06-21 00:00:00+00:00,835557.0
2021-06-22 00:00:00+00:00,776432.0
2021-06-23 00:00:00+00:00,847730.0
2021-06-24 00:00:00+00:00,843836.0
2021-06-25 00:00:00+00:00,880813.0
2021-06-26 00:00:00+00:00,715801.0
2021-06-27 00:00:00+00:00,518219.0
2021-06-28 00:00:00+00:00,776365.0
2021-06-29 00:00:00+00:00,792995.0
2021-06-30 00:00:00+00:00,790273.0
2021-07-01 00:00:00+00:00,817115.0
2021-07-02 00:00:00+00:00,809016.0
2021-07-03 00:00:00+00:00,1027108.0
2021-07-04 00:00:00+00:00,843475.0
2021-07-05 00:00:00+00:00,902032.0
2021-07-06 00:00:00+00:00,853332.0
2021-07-07 00:00:00+00:00,811614.0
2021-07-08 00:00:00+00:00,802085.0
2021-07-09 00:00:00+00:00,818441.0
2021-07-10 00:00:00+00:00,726034.0
2021-07-11 00:00:00+00:00,690684.0
2021-07-12 00:00:00+00:00,838472.0
2021-07-13 00:00:00+00:00,807050.0
2021-07-14 00:00:00+00:00,817900.0
2021-07-15 00:00:00+00:00,828844.0
2021-07-16 00:00:00+00:00,764392.0
2021-07-17 00:00:00+00:00,640355.0
2021-07-18 00:00:00+00:00,651828.0
2021-07-19 00:00:00+00:00,845474.0
2021-07-20 00:00:00+00:00,822257.0
2021-07-21 00:00:00+00:00,815589.0
2021-07-22 00:00:00+00:00,780869.0
2021-07-23 00:00:00+00:00,803246.0
2021-07-24 00:00:00+00:00,712132.0
2021-07-25 00:00:00+00:00,641796.0
2021-07-26 00:00:00+00:00,958347.0
2021-07-27 00:00:00+00:00,903400.0
2021-07-28 00:00:00+00:00,868607.0
2021-07-29 00:00:00+00:00,880689.0
2021-07-30 00:00:00+00:00,841162.0
2021-07-31 00:00:00+00:00,720022.0
2021-08-01 00:00:00+00:00,695892.0
2021-08-02 00:00:00+00:00,899861.0
2021-08-03 00:00:00+00:00,820918.0
2021-08-04 00:00:00+00:00,842870.0
2021-08-05 00:00:00+00:00,854629.0
2021-08-06 00:00:00+00:00,894265.0
2021-08-07 00:00:00+00:00,724467.0
2021-08-08 00:00:00+00:00,740945.0
2021-08-09 00:00:00+00:00,934412.0
2021-08-10 00:00:00+00:00,875882.0
2021-08-11 00:00:00+00:00,866724.0
2021-08-12 00:00:00+00:00,842547.0
2021-08-13 00:00:00+00:00,917929.0
2021-08-14 00:00:00+00:00,724702.0
2021-08-15 00:00:00+00:00,750378.0
2021-08-16 00:00:00+00:00,978773.0
2021-08-17 00:00:00+00:00,953226.0
2021-08-18 00:00:00+00:00,876483.0
2021-08-19 00:00:00+00:00,888796.0
2021-08-20 00:00:00+00:00,984372.0
2021-08-21 00:00:00+00:00,787645.0
2021-08-22 00:00:00+00:00,715639.0
2021-08-23 00:00:00+00:00,973417.0
2021-08-24 00:00:00+00:00,945668.0
2021-08-25 00:00:00+00:00,867743.0
2021-08-26 00:00:00+00:00,818959.0
2021-08-27 00:00:00+00:00,864176.0
2021-08-28 00:00:00+00:00,726381.0
2021-08-29 00:00:00+00:00,685753.0
2021-08-30 00:00:00+00:00,910173.0
2021-08-31 00:00:00+00:00,930055.0
2021-09-01 00:00:00+00:00,954959.0
2021-09-02 00:00:00+00:00,1026339.0
2021-09-03 00:00:00+00:00,1008068.0
2021-09-04 00:00:00+00:00,776022.0
2021-09-05 00:00:00+00:00,735688.0
2021-09-06 00:00:00+00:00,968860.0
2021-09-07 00:00:00+00:00,938525.0
2021-09-08 00:00:00+00:00,907794.0
2021-09-09 00:00:00+00:00,937415.0
2021-09-10 00:00:00+00:00,906178.0
2021-09-11 00:00:00+00:00,823454.0
2021-09-12 00:00:00+00:00,705573.0
2021-09-13 00:00:00+00:00,908372.0
2021-09-14 00:00:00+00:00,952892.0
2021-09-15 00:00:00+00:00,976201.0
2021-09-16 00:00:00+00:00,1021047.0
2021-09-17 00:00:00+00:00,943981.0
2021-09-18 00:00:00+00:00,819880.0
2021-09-19 00:00:00+00:00,714326.0
2021-09-20 00:00:00+00:00,1014971.0
2021-09-21 00:00:00+00:00,844883.0
2021-09-22 00:00:00+00:00,888195.0
2021-09-23 00:00:00+00:00,918846.0
2021-09-24 00:00:00+00:00,958548.0
2021-09-25 00:00:00+00:00,702530.0
2021-09-26 00:00:00+00:00,699993.0
2021-09-27 00:00:00+00:00,901586.0
2021-09-28 00:00:00+00:00,935822.0
2021-09-29 00:00:00+00:00,830989.0
2021-09-30 00:00:00+00:00,1059608.0
2021-10-01 00:00:00+00:00,962201.0
2021-10-02 00:00:00+00:00,963528.0
2021-10-03 00:00:00+00:00,808347.0
2021-10-04 00:00:00+00:00,1015651.0
2021-10-05 00:00:00+00:00,1037679.0
2021-10-06 00:00:00+00:00,914612.0
2021-10-07 00:00:00+00:00,1144142.0
2021-10-08 00:00:00+00:00,978503.0
2021-10-09 00:00:00+00:00,991926.0
2021-10-10 00:00:00+00:00,803826.0
2021-10-11 00:00:00+00:00,1009017.0
2021-10-12 00:00:00+00:00,937369.0
2021-10-13 00:00:00+00:00,975651.0
2021-10-14 00:00:00+00:00,1007101.0
2021-10-15 00:00:00+00:00,1017121.0
2021-10-16 00:00:00+00:00,937355.0
2021-10-17 00:00:00+00:00,823877.0
2021-10-18 00:00:00+00:00,1003479.0
2021-10-19 00:00:00+00:00,1077371.0
2021-10-20 00:00:00+00:00,977215.0
2021-10-21 00:00:00+00:00,1139133.0
2021-10-22 00:00:00+00:00,957015.0
2021-10-23 00:00:00+00:00,826969.0
2021-10-24 00:00:00+00:00,737951.0
2021-10-25 00:00:00+00:00,1079523.0
2021-10-26 00:00:00+00:00,998333.0
2021-10-27 00:00:00+00:00,944035.0
2021-10-28 00:00:00+00:00,1055114.0
2021-10-29 00:00:00+00:00,1014855.0
2021-10-30 00:00:00+00:00,906672.0
2021-10-31 00:00:00+00:00,893617.0
2021-11-01 00:00:00+00:00,1053426.0
2021-11-02 00:00:00+00:00,1035030.0
2021-11-03 00:00:00+00:00,1069212.0
2021-11-04 00:00:00+00:00,998917.0
2021-11-05 00:00:00+00:00,1037437.0
2021-11-06 00:00:00+00:00,825483.0
2021-11-07 00:00:00+00:00,826432.0
2021-11-08 00:00:00+00:00,1018796.0
2021-11-09 00:00:00+00:00,1195638.0
2021-11-10 00:00:00+00:00,1022756.0
2021-11-11 00:00:00+00:00,1037951.0
2021-11-12 00:00:00+00:00,975353.0
2021-11-13 00:00:00+00:00,828248.0
2021-11-14 00:00:00+00:00,806451.0
2021-11-15 00:00:00+00:00,1083387.0
2021-11-16 00:00:00+00:00,1030573.0
2021-11-17 00:00:00+00:00,993545.0
2021-11-18 00:00:00+00:00,990087.0
2021-11-19 00:00:00+00:00,976682.0
2021-11-20 00:00:00+00:00,848464.0
2021-11-21 00:00:00+00:00,842004.0
2021-11-22 00:00:00+00:00,947435.0
2021-11-23 00:00:00+00:00,909010.0
2021-11-24 00:00:00+00:00,1071921.0
2021-11-25 00:00:00+00:00,973237.0
2021-11-26 00:00:00+00:00,996141.0
2021-11-27 00:00:00+00:00,777970.0
2021-11-28 00:00:00+00:00,816560.0
2021-11-29 00:00:00+00:00,993217.0
2021-11-30 00:00:00+00:00,977183.0
2021-12-01 00:00:00+00:00,1057704.0
2021-12-02 00:00:00+00:00,1184757.0
2021-12-03 00:00:00+00:00,1010596.0
2021-12-04 00:00:00+00:00,961294.0
2021-12-05 00:00:00+00:00,978899.0
2021-12-06 00:00:00+00:00,1078373.0
2021-12-07 00:00:00+00:00,983177.0
2021-12-08 00:00:00+00:00,927369.0
2021-12-09 00:00:00+00:00,1123743.0
2021-12-10 00:00:00+00:00,930831.0
2021-12-11 00:00:00+00:00,805461.0
2021-12-12 00:00:00+00:00,725043.0
2021-12-13 00:00:00+00:00,996713.0
2021-12-14 00:00:00+00:00,966596.0
2021-12-15 00:00:00+00:00,1058257.0
2021-12-16 00:00:00+00:00,873836.0
2021-12-17 00:00:00+00:00,979005.0
2021-12-18 00:00:00+00:00,855978.0
2021-12-19 00:00:00+00:00,755797.0
2021-12-20 00:00:00+00:00,1015255.0
2021-12-21 00:00:00+00:00,1009227.0
2021-12-22 00:00:00+00:00,992589.0
2021-12-23 00:00:00+00:00,991240.0
2021-12-24 00:00:00+00:00,974212.0
2021-12-25 00:00:00+00:00,866151.0
2021-12-26 00:00:00+00:00,774902.0
2021-12-27 00:00:00+00:00,992531.0
2021-12-28 00:00:00+00:00,1051572.0
2021-12-29 00:00:00+00:00,1142870.0
2021-12-30 00:00:00+00:00,977727.0
2021-12-31 00:00:00+00:00,1093396.0
2022-01-01 00:00:00+00:00,695722.0
2022-01-02 00:00:00+00:00,734444.0
2022-01-03 00:00:00+00:00,948843.0
2022-01-04 00:00:00+00:00,971141.0
2022-01-05 00:00:00+00:00,1023484.0
2022-01-06 00:00:00+00:00,937879.0
2022-01-07 00:00:00+00:00,961733.0
2022-01-08 00:00:00+00:00,823193.0
2022-01-09 00:00:00+00:00,734904.0
2022-01-10 00:00:00+00:00,977953.0
2022-01-11 00:00:00+00:00,973363.0
2022-01-12 00:00:00+00:00,958871.0
2022-01-13 00:00:00+00:00,943218.0
2022-01-14 00:00:00+00:00,959705.0
2022-01-15 00:00:00+00:00,819060.0
2022-01-16 00:00:00+00:00,768912.0
2022-01-17 00:00:00+00:00,963405.0
2022-01-18 00:00:00+00:00,906852.0
2022-01-19 00:00:00+00:00,940760.0
2022-01-20 00:00:00+00:00,944092.0
2022-01-21 00:00:00+00:00,1017544.0
2022-01-22 00:00:00+00:00,980566.0
2022-01-23 00:00:00+00:00,764279.0
2022-01-24 00:00:00+00:00,967257.0
2022-01-25 00:00:00+00:00,892344.0
2022-01-26 00:00:00+00:00,872302.0
2022-01-27 00:00:00+00:00,894323.0
2022-01-28 00:00:00+00:00,953545.0
2022-01-29 00:00:00+00:00,800040.0
2022-01-30 00:00:00+00:00,780477.0
2022-01-31 00:00:00+00:00,993797.0
2022-02-01 00:00:00+00:00,1058396.0
2022-02-02 00:00:00+00:00,954043.0
2022-02-03 00:00:00+00:00,931571.0
2022-02-04 00:00:00+00:00,885216.0
2022-02-05 00:00:00+00:00,951087.0
2022-02-06 00:00:00+00:00,891700.0
2022-02-07 00:00:00+00:00,927917.0
2022-02-08 00:00:00+00:00,1014770.0
2022-02-09 00:00:00+00:00,998247.0
2022-02-10 00:00:00+00:00,1029721.0
2022-02-11 00:00:00+00:00,987669.0
2022-02-12 00:00:00+00:00,1060262.0
2022-02-13 00:00:00+00:00,829229.0
2022-02-14 00:00:00+00:00,899786.0
2022-02-15 00:00:00+00:00,1013694.0
2022-02-16 00:00:00+00:00,925324.0
2022-02-17 00:00:00+00:00,931220.0
2022-02-18 00:00:00+00:00,940726.0
2022-02-19 00:00:00+00:00,839236.0
2022-02-20 00:00:00+00:00,741534.0
2022-02-21 00:00:00+00:00,886316.0
2022-02-22 00:00:00+00:00,886571.0
2022-02-23 00:00:00+00:00,859810.0
2022-02-24 00:00:00+00:00,958866.0
2022-02-25 00:00:00+00:00,936543.0
2022-02-26 00:00:00+00:00,818914.0
2022-02-27 00:00:00+00:00,768705.0
2022-02-28 00:00:00+00:00,981066.0
2022-03-01 00:00:00+00:00,1065354.0
2022-03-02 00:00:00+00:00,1091796.0
2022-03-03 00:00:00+00:00,1011448.0
2022-03-04 00:00:00+00:00,949176.0
2022-03-05 00:00:00+00:00,801293.0
2022-03-06 00:00:00+00:00,771254.0
2022-03-07 00:00:00+00:00,917289.0
2022-03-08 00:00:00+00:00,962840.0
2022-03-09 00:00:00+00:00,960901.0
2022-03-10 00:00:00+00:00,993366.0
2022-03-11 00:00:00+00:00,903967.0
2022-03-12 00:00:00+00:00,787792.0
2022-03-13 00:00:00+00:00,751546.0
2022-03-14 00:00:00+00:00,936153.0
2022-03-15 00:00:00+00:00,949102.0
2022-03-16 00:00:00+00:00,1014991.0
2022-03-17 00:00:00+00:00,1009859.0
2022-03-18 00:00:00+00:00,1004891.0
2022-03-19 00:00:00+00:00,864890.0
2022-03-20 00:00:00+00:00,780069.0
2022-03-21 00:00:00+00:00,941088.0
2022-03-22 00:00:00+00:00,920483.0
2022-03-23 00:00:00+00:00,972037.0
2022-03-24 00:00:00+00:00,966209.0
2022-03-25 00:00:00+00:00,1068732.0
2022-03-26 00:00:00+00:00,825356.0
2022-03-27 00:00:00+00:00,812882.0
2022-03-28 00:00:00+00:00,1029256.0
2022-03-29 00:00:00+00:00,972049.0
2022-03-30 00:00:00+00:00,940234.0
2022-03-31 00:00:00+00:00,979952.0
2022-04-01 00:00:00+00:00,1073859.0
2022-04-02 00:00:00+00:00,932911.0
2022-04-03 00:00:00+00:00,794992.0
2022-04-04 00:00:00+00:00,985718.0
2022-04-05 00:00:00+00:00,952254.0
2022-04-06 00:00:00+00:00,919776.0
2022-04-07 00:00:00+00:00,927811.0
2022-04-08 00:00:00+00:00,929602.0
2022-04-09 00:00:00+00:00,786423.0
2022-04-10 00:00:00+00:00,754197.0
2022-04-11 00:00:00+00:00,986075.0
2022-04-12 00:00:00+00:00,970523.0
2022-04-13 00:00:00+00:00,960119.0
2022-04-14 00:00:00+00:00,910470.0
2022-04-15 00:00:00+00:00,893942.0
2022-04-16 00:00:00+00:00,774863.0
2022-04-17 00:00:00+00:00,760823.0
2022-04-18 00:00:00+00:00,930250.0
2022-04-19 00:00:00+00:00,945444.0
2022-04-20 00:00:00+00:00,961981.0
2022-04-21 00:00:00+00:00,970130.0
2022-04-22 00:00:00+00:00,945273.0
2022-04-23 00:00:00+00:00,857006.0
2022-04-24 00:00:00+00:00,796298.0
2022-04-25 00:00:00+00:00,1003326.0
2022-04-26 00:00:00+00:00,965991.0
2022-04-27 00:00:00+00:00,967943.0
2022-04-28 00:00:00+00:00,1003139.0
2022-04-29 00:00:00+00:00,1059989.0
2022-04-30 00:00:00+00:00,944577.0
2022-05-01 00:00:00+00:00,834397.0
2022-05-02 00:00:00+00:00,966035.0
2022-05-03 00:00:00+00:00,956710.0
2022-05-04 00:00:00+00:00,862312.0
2022-05-05 00:00:00+00:00,1189734.0
2022-05-06 00:00:00+00:00,1086467.0
2022-05-07 00:00:00+00:00,837217.0
2022-05-08 00:00:00+00:00,813799.0
2022-05-09 00:00:00+00:00,1067791.0
2022-05-10 00:00:00+00:00,978190.0
2022-05-11 00:00:00+00:00,981424.0
2022-05-12 00:00:00+00:00,1058679.0
2022-05-13 00:00:00+00:00,1028898.0
2022-05-14 00:00:00+00:00,1101356.0
2022-05-15 00:00:00+00:00,1016251.0
2022-05-16 00:00:00+00:00,1094147.0
2022-05-17 00:00:00+00:00,1029420.0
2022-05-18 00:00:00+00:00,902599.0
2022-05-19 00:00:00+00:00,897588.0
2022-05-20 00:00:00+00:00,949339.0
2022-05-21 00:00:00+00:00,758937.0
2022-05-22 00:00:00+00:00,749577.0
2022-05-23 00:00:00+00:00,939531.0
2022-05-24 00:00:00+00:00,841611.0
2022-05-25 00:00:00+00:00,1016156.0
2022-05-26 00:00:00+00:00,894042.0
2022-05-27 00:00:00+00:00,942679.0
2022-05-28 00:00:00+00:00,783393.0
2022-05-29 00:00:00+00:00,751185.0
2022-05-30 00:00:00+00:00,925404.0
2022-05-31 00:00:00+00:00,998795.0
2022-06-01 00:00:00+00:00,962754.0
2022-06-02 00:00:00+00:00,945705.0
2022-06-03 00:00:00+00:00,932672.0
2022-06-04 00:00:00+00:00,776053.0
2022-06-05 00:00:00+00:00,721815.0
2022-06-06 00:00:00+00:00,952859.0
2022-06-07 00:00:00+00:00,941706.0
2022-06-08 00:00:00+00:00,888118.0
2022-06-09 00:00:00+00:00,914304.0
2022-06-10 00:00:00+00:00,900195.0
2022-06-11 00:00:00+00:00,831309.0
2022-06-12 00:00:00+00:00,762985.0
2022-06-13 00:00:00+00:00,1011323.0
2022-06-14 00:00:00+00:00,1075994.0
2022-06-15 00:00:00+00:00,1063571.0
2022-06-16 00:00:00+00:00,911369.0
2022-06-17 00:00:00+00:00,876153.0
2022-06-18 00:00:00+00:00,924686.0
2022-06-19 00:00:00+00:00,733337.0
2022-06-20 00:00:00+00:00,833932.0
2022-06-21 00:00:00+00:00,927938.0
2022-06-22 00:00:00+00:00,859651.0
2022-06-23 00:00:00+00:00,866807.0
2022-06-24 00:00:00+00:00,869532.0
2022-06-25 00:00:00+00:00,742895.0
2022-06-26 00:00:00+00:00,734812.0
2022-06-27 00:00:00+00:00,953524.0
2022-06-28 00:00:00+00:00,922274.0
2022-06-29 00:00:00+00:00,899514.0
2022-06-30 00:00:00+00:00,967680.0
2022-07-01 00:00:00+00:00,946760.0
2022-07-02 00:00:00+00:00,844916.0
2022-07-03 00:00:00+00:00,701943.0
2022-07-04 00:00:00+00:00,883632.0
2022-07-05 00:00:00+00:00,864471.0
2022-07-06 00:00:00+00:00,969280.0
2022-07-07 00:00:00+00:00,1007259.0
2022-07-08 00:00:00+00:00,936111.0
2022-07-09 00:00:00+00:00,773277.0
2022-07-10 00:00:00+00:00,705622.0
2022-07-11 00:00:00+00:00,839927.0
2022-07-12 00:00:00+00:00,943773.0
2022-07-13 00:00:00+00:00,815549.0
2022-07-14 00:00:00+00:00,983744.0
2022-07-15 00:00:00+00:00,943171.0
2022-07-16 00:00:00+00:00,771028.0
2022-07-17 00:00:00+00:00,723539.0
2022-07-18 00:00:00+00:00,887138.0
2022-07-19 00:00:00+00:00,994059.0
2022-07-20 00:00:00+00:00,905497.0
2022-07-21 00:00:00+00:00,964460.0
2022-07-22 00:00:00+00:00,848578.0
2022-07-23 00:00:00+00:00,755495.0
2022-07-24 00:00:00+00:00,736224.0
2022-07-25 00:00:00+00:00,892636.0
2022-07-26 00:00:00+00:00,945582.0
2022-07-27 00:00:00+00:00,916926.0
2022-07-28 00:00:00+00:00,1008866.0
2022-07-29 00:00:00+00:00,945142.0
2022-07-30 00:00:00+00:00,785742.0
2022-07-31 00:00:00+00:00,787873.0
2022-08-01 00:00:00+00:00,907238.0
2022-08-02 00:00:00+00:00,946865.0
2022-08-03 00:00:00+00:00,977386.0
2022-08-04 00:00:00+00:00,948545.0
2022-08-05 00:00:00+00:00,944004.0
2022-08-06 00:00:00+00:00,856759.0
2022-08-07 00:00:00+00:00,716918.0
2022-08-08 00:00:00+00:00,918162.0
2022-08-09 00:00:00+00:00,941249.0
2022-08-10 00:00:00+00:00,1035793.0
2022-08-11 00:00:00+00:00,1002846.0
2022-08-12 00:00:00+00:00,948381.0
2022-08-13 00:00:00+00:00,834925.0
2022-08-14 00:00:00+00:00,811197.0
2022-08-15 00:00:00+00:00,922140.0
2022-08-16 00:00:00+00:00,1020819.0
2022-08-17 00:00:00+00:00,915870.0
2022-08-18 00:00:00+00:00,1009836.0
2022-08-19 00:00:00+00:00,982140.0
2022-08-20 00:00:00+00:00,841648.0
2022-08-21 00:00:00+00:00,753797.0
2022-08-22 00:00:00+00:00,880923.0
2022-08-23 00:00:00+00:00,930754.0
2022-08-24 00:00:00+00:00,930584.0
2022-08-25 00:00:00+00:00,898274.0
2022-08-26 00:00:00+00:00,937226.0
2022-08-27 00:00:00+00:00,830874.0
2022-08-28 00:00:00+00:00,776186.0
2022-08-29 00:00:00+00:00,939245.0
2022-08-30 00:00:00+00:00,951380.0
2022-08-31 00:00:00+00:00,916812.0
2022-09-01 00:00:00+00:00,969786.0
2022-09-02 00:00:00+00:00,996822.0
2022-09-03 00:00:00+00:00,916603.0
2022-09-04 00:00:00+00:00,774639.0
2022-09-05 00:00:00+00:00,942780.0
2022-09-06 00:00:00+00:00,927513.0
2022-09-07 00:00:00+00:00,951645.0
2022-09-08 00:00:00+00:00,947648.0
2022-09-09 00:00:00+00:00,1021884.0
2022-09-10 00:00:00+00:00,873305.0
2022-09-11 00:00:00+00:00,871675.0
2022-09-12 00:00:00+00:00,989815.0
2022-09-13 00:00:00+00:00,948189.0
2022-09-14 00:00:00+00:00,977568.0
2022-09-15 00:00:00+00:00,953771.0
2022-09-16 00:00:00+00:00,933213.0
2022-09-17 00:00:00+00:00,918990.0
2022-09-18 00:00:00+00:00,775872.0
2022-09-19 00:00:00+00:00,912328.0
2022-09-20 00:00:00+00:00,952698.0
2022-09-21 00:00:00+00:00,918372.0
2022-09-22 00:00:00+00:00,860577.0
2022-09-23 00:00:00+00:00,968636.0
2022-09-24 00:00:00+00:00,799441.0
2022-09-25 00:00:00+00:00,781165.0
2022-09-26 00:00:00+00:00,938059.0
2022-09-27 00:00:00+00:00,966074.0
2022-09-28 00:00:00+00:00,849979.0
2022-09-29 00:00:00+00:00,874705.0
2022-09-30 00:00:00+00:00,1005499.0
2022-10-01 00:00:00+00:00,867330.0
2022-10-02 00:00:00+00:00,852250.0
2022-10-03 00:00:00+00:00,964012.0
2022-10-04 00:00:00+00:00,932869.0
2022-10-05 00:00:00+00:00,891063.0
2022-10-06 00:00:00+00:00,930050.0
2022-10-07 00:00:00+00:00,936123.0
2022-10-08 00:00:00+00:00,815047.0
2022-10-09 00:00:00+00:00,787417.0
2022-10-10 00:00:00+00:00,896218.0
2022-10-11 00:00:00+00:00,916599.0
2022-10-12 00:00:00+00:00,871140.0
2022-10-13 00:00:00+00:00,933599.0
2022-10-14 00:00:00+00:00,984001.0
2022-10-15 00:00:00+00:00,838678.0
2022-10-16 00:00:00+00:00,769067.0
2022-10-17 00:00:00+00:00,870371.0
2022-10-18 00:00:00+00:00,887194.0
2022-10-19 00:00:00+00:00,923688.0
2022-10-20 00:00:00+00:00,893489.0
2022-10-21 00:00:00+00:00,913925.0
2022-10-22 00:00:00+00:00,817446.0
2022-10-23 00:00:00+00:00,803523.0
2022-10-24 00:00:00+00:00,922514.0
2022-10-25 00:00:00+00:00,829386.0
2022-10-26 00:00:00+00:00,1051950.0
2022-10-27 00:00:00+00:00,895161.0
2022-10-28 00:00:00+00:00,925522.0
2022-10-29 00:00:00+00:00,871729.0
2022-10-30 00:00:00+00:00,830676.0
2022-10-31 00:00:00+00:00,980614.0
2022-11-01 00:00:00+00:00,955117.0
2022-11-02 00:00:00+00:00,869056.0
2022-11-03 00:00:00+00:00,1009478.0
2022-11-04 00:00:00+00:00,939102.0
2022-11-05 00:00:00+00:00,916525.0
2022-11-06 00:00:00+00:00,811578.0
2022-11-07 00:00:00+00:00,920253.0
2022-11-08 00:00:00+00:00,1051006.0
2022-11-09 00:00:00+00:00,1076579.0
2022-11-10 00:00:00+00:00,1056871.0
2022-11-11 00:00:00+00:00,964454.0
2022-11-12 00:00:00+00:00,942728.0
2022-11-13 00:00:00+00:00,895185.0
2022-11-14 00:00:00+00:00,954601.0
2022-11-15 00:00:00+00:00,986709.0
2022-11-16 00:00:00+00:00,944275.0
2022-11-17 00:00:00+00:00,902258.0
2022-11-18 00:00:00+00:00,955851.0
2022-11-19 00:00:00+00:00,1113245.0
2022-11-20 00:00:00+00:00,1013890.0
2022-11-21 00:00:00+00:00,974239.0
2022-11-22 00:00:00+00:00,931145.0
2022-11-23 00:00:00+00:00,1057775.0
2022-11-24 00:00:00+00:00,988182.0
2022-11-25 00:00:00+00:00,981465.0
2022-11-26 00:00:00+00:00,892687.0
2022-11-27 00:00:00+00:00,855437.0
2022-11-28 00:00:00+00:00,931505.0
2022-11-29 00:00:00+00:00,955669.0
2022-11-30 00:00:00+00:00,946754.0
2022-12-01 00:00:00+00:00,1030232.0
2022-12-02 00:00:00+00:00,970221.0
2022-12-03 00:00:00+00:00,938854.0
2022-12-04 00:00:00+00:00,842351.0
2022-12-05 00:00:00+00:00,960563.0
2022-12-06 00:00:00+00:00,941978.0
2022-12-07 00:00:00+00:00,899850.0
2022-12-08 00:00:00+00:00,905789.0
2022-12-09 00:00:00+00:00,946767.0
2022-12-10 00:00:00+00:00,909506.0
2022-12-11 00:00:00+00:00,781176.0
2022-12-12 00:00:00+00:00,905428.0
2022-12-13 00:00:00+00:00,974065.0
2022-12-14 00:00:00+00:00,930586.0
2022-12-15 00:00:00+00:00,897844.0
2022-12-16 00:00:00+00:00,893040.0
2022-12-17 00:00:00+00:00,967830.0
2022-12-18 00:00:00+00:00,783263.0
2022-12-19 00:00:00+00:00,971140.0
2022-12-20 00:00:00+00:00,950486.0
2022-12-21 00:00:00+00:00,905699.0
2022-12-22 00:00:00+00:00,908585.0
2022-12-23 00:00:00+00:00,891725.0
2022-12-24 00:00:00+00:00,758680.0
2022-12-25 00:00:00+00:00,731599.0
2022-12-26 00:00:00+00:00,787672.0
2022-12-27 00:00:00+00:00,867369.0
2022-12-28 00:00:00+00:00,904203.0
2022-12-29 00:00:00+00:00,945186.0
2022-12-30 00:00:00+00:00,1050756.0
2022-12-31 00:00:00+00:00,839910.0
2023-01-01 00:00:00+00:00,719716.0
2023-01-02 00:00:00+00:00,842261.0
2023-01-03 00:00:00+00:00,985169.0
2023-01-04 00:00:00+00:00,922281.0
2023-01-05 00:00:00+00:00,922508.0
2023-01-06 00:00:00+00:00,932794.0
2023-01-07 00:00:00+00:00,809225.0
2023-01-08 00:00:00+00:00,755503.0
2023-01-09 00:00:00+00:00,981056.0
2023-01-10 00:00:00+00:00,1146540.0
2023-01-11 00:00:00+00:00,944957.0
2023-01-12 00:00:00+00:00,1034292.0
2023-01-13 00:00:00+00:00,1072059.0
2023-01-14 00:00:00+00:00,965948.0
2023-01-15 00:00:00+00:00,807742.0
2023-01-16 00:00:00+00:00,966312.0
2023-01-17 00:00:00+00:00,988775.0
2023-01-18 00:00:00+00:00,942079.0
2023-01-19 00:00:00+00:00,926693.0
2023-01-20 00:00:00+00:00,933005.0
2023-01-21 00:00:00+00:00,906764.0
2023-01-22 00:00:00+00:00,863236.0
2023-01-23 00:00:00+00:00,933346.0
2023-01-24 00:00:00+00:00,908199.0
2023-01-25 00:00:00+00:00,912032.0
2023-01-26 00:00:00+00:00,892287.0
2023-01-27 00:00:00+00:00,929064.0
2023-01-28 00:00:00+00:00,857014.0
2023-01-29 00:00:00+00:00,829895.0
2023-01-30 00:00:00+00:00,957363.0
2023-01-31 00:00:00+00:00,944348.0
2023-02-01 00:00:00+00:00,1050528.0
2023-02-02 00:00:00+00:00,983946.0
2023-02-03 00:00:00+00:00,988867.0
2023-02-04 00:00:00+00:00,961115.0
2023-02-05 00:00:00+00:00,802171.0
2023-02-06 00:00:00+00:00,920525.0
2023-02-07 00:00:00+00:00,944049.0
2023-02-08 00:00:00+00:00,942153.0
2023-02-09 00:00:00+00:00,1056974.0
2023-02-10 00:00:00+00:00,923753.0
2023-02-11 00:00:00+00:00,896301.0
2023-02-12 00:00:00+00:00,861493.0
2023-02-13 00:00:00+00:00,957593.0
2023-02-14 00:00:00+00:00,913570.0
2023-02-15 00:00:00+00:00,993456.0
2023-02-16 00:00:00+00:00,1118226.0
2023-02-17 00:00:00+00:00,1050009.0
2023-02-18 00:00:00+00:00,1046593.0
2023-02-19 00:00:00+00:00,928713.0
2023-02-20 00:00:00+00:00,908106.0
2023-02-21 00:00:00+00:00,1012926.0
2023-02-22 00:00:00+00:00,931144.0
2023-02-23 00:00:00+00:00,1071298.0
2023-02-24 00:00:00+00:00,964247.0
2023-02-25 00:00:00+00:00,811239.0
2023-02-26 00:00:00+00:00,905055.0
2023-02-27 00:00:00+00:00,982682.0
2023-02-28 00:00:00+00:00,983627.0
2023-03-01 00:00:00+00:00,1076257.0
2023-03-02 00:00:00+00:00,939444.0
2023-03-03 00:00:00+00:00,1086253.0
2023-03-04 00:00:00+00:00,905589.0
2023-03-05 00:00:00+00:00,995537.0
2023-03-06 00:00:00+00:00,931807.0
2023-03-07 00:00:00+00:00,1063023.0
2023-03-08 00:00:00+00:00,885079.0
2023-03-09 00:00:00+00:00,929904.0
2023-03-10 00:00:00+00:00,979055.0
2023-03-11 00:00:00+00:00,982511.0
2023-03-12 00:00:00+00:00,886609.0
2023-03-13 00:00:00+00:00,999918.0
2023-03-14 00:00:00+00:00,1024780.0
2023-03-15 00:00:00+00:00,1006730.0
2023-03-16 00:00:00+00:00,879957.0
2023-03-17 00:00:00+00:00,1085422.0
2023-03-18 00:00:00+00:00,955447.0
2023-03-19 00:00:00+00:00,845573.0
2023-03-20 00:00:00+00:00,1014355.0
2023-03-21 00:00:00+00:00,990544.0
2023-03-22 00:00:00+00:00,940276.0
2023-03-23 00:00:00+00:00,902932.0
2023-03-24 00:00:00+00:00,893101.0
2023-03-25 00:00:00+00:00,898042.0
2023-03-26 00:00:00+00:00,851151.0
2023-03-27 00:00:00+00:00,1057595.0
2023-03-28 00:00:00+00:00,982699.0
2023-03-29 00:00:00+00:00,977852.0
2023-03-30 00:00:00+00:00,1021839.0
2023-03-31 00:00:00+00:00,1043754.0
2023-04-01 00:00:00+00:00,1038858.0
2023-04-02 00:00:00+00:00,1012005.0
2023-04-03 00:00:00+00:00,985157.0
2023-04-04 00:00:00+00:00,1108155.0
2023-04-05 00:00:00+00:00,964688.0
2023-04-06 00:00:00+00:00,1022873.0
2023-04-07 00:00:00+00:00,956362.0
2023-04-08 00:00:00+00:00,885739.0
2023-04-09 00:00:00+00:00,936112.0
2023-04-10 00:00:00+00:00,947327.0
2023-04-11 00:00:00+00:00,1146146.0
2023-04-12 00:00:00+00:00,1056542.0
2023-04-13 00:00:00+00:00,1009669.0
2023-04-14 00:00:00+00:00,1016042.0
2023-04-15 00:00:00+00:00,1045660.0
2023-04-16 00:00:00+00:00,840992.0
2023-04-17 00:00:00+00:00,984242.0
2023-04-18 00:00:00+00:00,1149264.0
2023-04-19 00:00:00+00:00,985732.0
2023-04-20 00:00:00+00:00,951443.0
2023-04-21 00:00:00+00:00,1015546.0
2023-04-22 00:00:00+00:00,914896.0
2023-04-23 00:00:00+00:00,840711.0
2023-04-24 00:00:00+00:00,998948.0
2023-04-25 00:00:00+00:00,895988.0
2023-04-26 00:00:00+00:00,893248.0
2023-04-27 00:00:00+00:00,892914.0
2023-04-28 00:00:00+00:00,957827.0
2023-04-29 00:00:00+00:00,803633.0
2023-04-30 00:00:00+00:00,767567.0
2023-05-01 00:00:00+00:00,929691.0
2023-05-02 00:00:00+00:00,820724.0
2023-05-03 00:00:00+00:00,953701.0
2023-05-04 00:00:00+00:00,914598.0
2023-05-05 00:00:00+00:00,822037.0
2023-05-06 00:00:00+00:00,764917.0
2023-05-07 00:00:00+00:00,549932.0
2023-05-08 00:00:00+00:00,696710.0
2023-05-09 00:00:00+00:00,772112.0
2023-05-10 00:00:00+00:00,891517.0
2023-05-11 00:00:00+00:00,831417.0
2023-05-12 00:00:00+00:00,809188.0
2023-05-13 00:00:00+00:00,705679.0
2023-05-14 00:00:00+00:00,835319.0
2023-05-15 00:00:00+00:00,817441.0
2023-05-16 00:00:00+00:00,814467.0
2023-05-17 00:00:00+00:00,841652.0
2023-05-18 00:00:00+00:00,814709.0
2023-05-19 00:00:00+00:00,904374.0
2023-05-20 00:00:00+00:00,719434.0
2023-05-21 00:00:00+00:00,775828.0
2023-05-22 00:00:00+00:00,817592.0
2023-05-23 00:00:00+00:00,859507.0
2023-05-24 00:00:00+00:00,859470.0
2023-05-25 00:00:00+00:00,923963.0
2023-05-26 00:00:00+00:00,963216.0
2023-05-27 00:00:00+00:00,877266.0
2023-05-28 00:00:00+00:00,863880.0
2023-05-29 00:00:00+00:00,912071.0
2023-05-30 00:00:00+00:00,959148.0
2023-05-31 00:00:00+00:00,925966.0
2023-06-01 00:00:00+00:00,919298.0
2023-06-02 00:00:00+00:00,982760.0
2023-06-03 00:00:00+00:00,873884.0
2023-06-04 00:00:00+00:00,879948.0
2023-06-05 00:00:00+00:00,884289.0
2023-06-06 00:00:00+00:00,1032895.0
2023-06-07 00:00:00+00:00,1004588.0
2023-06-08 00:00:00+00:00,964762.0
2023-06-09 00:00:00+00:00,1020140.0
2023-06-10 00:00:00+00:00,943047.0
2023-06-11 00:00:00+00:00,872589.0
2023-06-12 00:00:00+00:00,985947.0
2023-06-13 00:00:00+00:00,933842.0
2023-06-14 00:00:00+00:00,828183.0
2023-06-15 00:00:00+00:00,919869.0
2023-06-16 00:00:00+00:00,958674.0
2023-06-17 00:00:00+00:00,863600.0
2023-06-18 00:00:00+00:00,883864.0
2023-06-19 00:00:00+00:00,920552.0
2023-06-20 00:00:00+00:00,951926.0
2023-06-21 00:00:00+00:00,920555.0
2023-06-22 00:00:00+00:00,1000988.0
2023-06-23 00:00:00+00:00,948738.0
2023-06-24 00:00:00+00:00,1011110.0
2023-06-25 00:00:00+00:00,944147.0
2023-06-26 00:00:00+00:00,998904.0
2023-06-27 00:00:00+00:00,978594.0
2023-06-28 00:00:00+00:00,826245.0
2023-06-29 00:00:00+00:00,970467.0
2023-06-30 00:00:00+00:00,1067040.0
2023-07-01 00:00:00+00:00,918349.0
2023-07-02 00:00:00+00:00,997177.0
2023-07-03 00:00:00+00:00,977874.0
2023-07-04 00:00:00+00:00,963366.0
2023-07-05 00:00:00+00:00,964759.0
2023-07-06 00:00:00+00:00,973154.0
2023-07-07 00:00:00+00:00,1021136.0
2023-07-08 00:00:00+00:00,1009931.0
2023-07-09 00:00:00+00:00,978223.0
2023-07-10 00:00:00+00:00,925790.0
2023-07-11 00:00:00+00:00,937945.0
2023-07-12 00:00:00+00:00,942309.0
2023-07-13 00:00:00+00:00,874515.0
2023-07-14 00:00:00+00:00,996373.0
2023-07-15 00:00:00+00:00,914738.0
2023-07-16 00:00:00+00:00,927843.0
2023-07-17 00:00:00+00:00,931087.0
2023-07-18 00:00:00+00:00,1028951.0
2023-07-19 00:00:00+00:00,969285.0
2023-07-20 00:00:00+00:00,901211.0
2023-07-21 00:00:00+00:00,855163.0
2023-07-22 00:00:00+00:00,923147.0
2023-07-23 00:00:00+00:00,894084.0
2023-07-24 00:00:00+00:00,938461.0
2023-07-25 00:00:00+00:00,940528.0
2023-07-26 00:00:00+00:00,1015337.0
2023-07-27 00:00:00+00:00,943734.0
2023-07-28 00:00:00+00:00,948590.0
2023-07-29 00:00:00+00:00,889450.0
2023-07-30 00:00:00+00:00,1010937.0
2023-07-31 00:00:00+00:00,922082.0
2023-08-01 00:00:00+00:00,983005.0
2023-08-02 00:00:00+00:00,1069904.0
2023-08-03 00:00:00+00:00,1030326.0
2023-08-04 00:00:00+00:00,912508.0
2023-08-05 00:00:00+00:00,992041.0
2023-08-06 00:00:00+00:00,973822.0
2023-08-07 00:00:00+00:00,952272.0
2023-08-08 00:00:00+00:00,874562.0
2023-08-09 00:00:00+00:00,1057273.0
2023-08-10 00:00:00+00:00,947623.0
2023-08-11 00:00:00+00:00,954168.0
2023-08-12 00:00:00+00:00,926800.0
2023-08-13 00:00:00+00:00,860881.0
2023-08-14 00:00:00+00:00,1007719.0
2023-08-15 00:00:00+00:00,1073564.0
2023-08-16 00:00:00+00:00,947796.0
2023-08-17 00:00:00+00:00,1050502.0
2023-08-18 00:00:00+00:00,1016460.0
2023-08-19 00:00:00+00:00,878361.0
2023-08-20 00:00:00+00:00,929724.0
2023-08-21 00:00:00+00:00,1002377.0
2023-08-22 00:00:00+00:00,922178.0
2023-08-23 00:00:00+00:00,937656.0
2023-08-24 00:00:00+00:00,946410.0
2023-08-25 00:00:00+00:00,922155.0
2023-08-26 00:00:00+00:00,917123.0
2023-08-27 00:00:00+00:00,808508.0
2023-08-28 00:00:00+00:00,873786.0
2023-08-29 00:00:00+00:00,1060996.0
2023-08-30 00:00:00+00:00,877649.0
2023-08-31 00:00:00+00:00,968985.0
2023-09-01 00:00:00+00:00,1051172.0
2023-09-02 00:00:00+00:00,955720.0
2023-09-03 00:00:00+00:00,864433.0
2023-09-04 00:00:00+00:00,920027.0
2023-09-05 00:00:00+00:00,940913.0
2023-09-06 00:00:00+00:00,1001123.0
2023-09-07 00:00:00+00:00,1003310.0
2023-09-08 00:00:00+00:00,986937.0
2023-09-09 00:00:00+00:00,1116330.0
2023-09-10 00:00:00+00:00,1049360.0
2023-09-11 00:00:00+00:00,1120614.0
2023-09-12 00:00:00+00:00,1042537.0
2023-09-13 00:00:00+00:00,1049105.0
2023-09-14 00:00:00+00:00,1131002.0
2023-09-15 00:00:00+00:00,1234300.0
2023-09-16 00:00:00+00:00,1053706.0
2023-09-17 00:00:00+00:00,1039207.0
2023-09-18 00:00:00+00:00,1125172.0
2023-09-19 00:00:00+00:00,1035954.0
2023-09-20 00:00:00+00:00,1062056.0
2023-09-21 00:00:00+00:00,1078476.0
2023-09-22 00:00:00+00:00,978848.0
2023-09-23 00:00:00+00:00,1090192.0
2023-09-24 00:00:00+00:00,1061159.0
2023-09-25 00:00:00+00:00,1104115.0
2023-09-26 00:00:00+00:00,1027673.0
2023-09-27 00:00:00+00:00,1072094.0
2023-09-28 00:00:00+00:00,1045920.0
2023-09-29 00:00:00+00:00,1050872.0
2023-09-30 00:00:00+00:00,1019753.0
2023-10-01 00:00:00+00:00,921731.0
2023-10-02 00:00:00+00:00,1027085.0
2023-10-03 00:00:00+00:00,1077556.0
2023-10-04 00:00:00+00:00,904067.0
2023-10-05 00:00:00+00:00,946720.0
2023-10-06 00:00:00+00:00,915218.0
2023-10-07 00:00:00+00:00,853582.0
2023-10-08 00:00:00+00:00,786381.0
2023-10-09 00:00:00+00:00,942188.0
2023-10-10 00:00:00+00:00,903210.0
2023-10-11 00:00:00+00:00,867301.0
2023-10-12 00:00:00+00:00,911879.0
2023-10-13 00:00:00+00:00,917035.0
2023-10-14 00:00:00+00:00,806946.0
2023-10-15 00:00:00+00:00,795940.0
2023-10-16 00:00:00+00:00,1018543.0
2023-10-17 00:00:00+00:00,917408.0
2023-10-18 00:00:00+00:00,932487.0
2023-10-19 00:00:00+00:00,918882.0
2023-10-20 00:00:00+00:00,952627.0
2023-10-21 00:00:00+00:00,871252.0
2023-10-22 00:00:00+00:00,795000.0
2023-10-23 00:00:00+00:00,1071672.0
2023-10-24 00:00:00+00:00,1021188.0
2023-10-25 00:00:00+00:00,1090466.0
2023-10-26 00:00:00+00:00,1099370.0
2023-10-27 00:00:00+00:00,1052994.0
2023-10-28 00:00:00+00:00,1018571.0
2023-10-29 00:00:00+00:00,909920.0
2023-10-30 00:00:00+00:00,1097494.0
2023-10-31 00:00:00+00:00,1044499.0
2023-11-01 00:00:00+00:00,1053031.0
2023-11-02 00:00:00+00:00,1062991.0
2023-11-03 00:00:00+00:00,990903.0
2023-11-04 00:00:00+00:00,1118816.0
2023-11-05 00:00:00+00:00,1144443.0
2023-11-06 00:00:00+00:00,993108.0
2023-11-07 00:00:00+00:00,961106.0
2023-11-08 00:00:00+00:00,1004807.0
2023-11-09 00:00:00+00:00,989778.0
2023-11-10 00:00:00+00:00,1127201.0
2023-11-11 00:00:00+00:00,1073475.0
2023-11-12 00:00:00+00:00,1008655.0
2023-11-13 00:00:00+00:00,963722.0
2023-11-14 00:00:00+00:00,957065.0
2023-11-15 00:00:00+00:00,961281.0
2023-11-16 00:00:00+00:00,933700.0
2023-11-17 00:00:00+00:00,1014052.0
2023-11-18 00:00:00+00:00,860889.0
2023-11-19 00:00:00+00:00,962703.0
2023-11-20 00:00:00+00:00,1064908.0
2023-11-21 00:00:00+00:00,1007505.0
2023-11-22 00:00:00+00:00,979014.0
2023-11-23 00:00:00+00:00,970303.0
2023-11-24 00:00:00+00:00,1136807.0
2023-11-25 00:00:00+00:00,1032695.0
2023-11-26 00:00:00+00:00,983533.0
2023-11-27 00:00:00+00:00,981736.0
2023-11-28 00:00:00+00:00,996007.0
2023-11-29 00:00:00+00:00,915309.0
2023-11-30 00:00:00+00:00,958958.0
2023-12-01 00:00:00+00:00,1131524.0
2023-12-02 00:00:00+00:00,860355.0
2023-12-03 00:00:00+00:00,919493.0
2023-12-04 00:00:00+00:00,1034656.0
2023-12-05 00:00:00+00:00,867570.0
2023-12-06 00:00:00+00:00,867353.0
2023-12-07 00:00:00+00:00,898183.0
2023-12-08 00:00:00+00:00,924415.0
2023-12-09 00:00:00+00:00,927620.0
2023-12-10 00:00:00+00:00,848613.0
2023-12-11 00:00:00+00:00,1010741.0
2023-12-12 00:00:00+00:00,886419.0
2023-12-13 00:00:00+00:00,742559.0
2023-12-14 00:00:00+00:00,711343.0
2023-12-15 00:00:00+00:00,860116.0
2023-12-16 00:00:00+00:00,724669.0
2023-12-17 00:00:00+00:00,703993.0
2023-12-18 00:00:00+00:00,928612.0
2023-12-19 00:00:00+00:00,817240.0
2023-12-20 00:00:00+00:00,787679.0
2023-12-21 00:00:00+00:00,815395.0
2023-12-22 00:00:00+00:00,1012121.0
2023-12-23 00:00:00+00:00,893092.0
2023-12-24 00:00:00+00:00,880971.0
2023-12-25 00:00:00+00:00,702609.0
2023-12-26 00:00:00+00:00,742922.0
2023-12-27 00:00:00+00:00,776011.0
2023-12-28 00:00:00+00:00,848615.0
2023-12-29 00:00:00+00:00,910761.0
2023-12-30 00:00:00+00:00,787521.0
2023-12-31 00:00:00+00:00,791644.0
2024-01-01 00:00:00+00:00,827239.0
2024-01-02 00:00:00+00:00,867688.0
2024-01-03 00:00:00+00:00,940343.0
2024-01-04 00:00:00+00:00,1010934.0
2024-01-05 00:00:00+00:00,813324.0
2024-01-06 00:00:00+00:00,808917.0
2024-01-07 00:00:00+00:00,713381.0
2024-01-08 00:00:00+00:00,756849.0
2024-01-09 00:00:00+00:00,902934.0
2024-01-10 00:00:00+00:00,839431.0
2024-01-11 00:00:00+00:00,960999.0
2024-01-12 00:00:00+00:00,987727.0
2024-01-13 00:00:00+00:00,845713.0
2024-01-14 00:00:00+00:00,722721.0
2024-01-15 00:00:00+00:00,786699.0
2024-01-16 00:00:00+00:00,782242.0
2024-01-17 00:00:00+00:00,809220.0
2024-01-18 00:00:00+00:00,897358.0
2024-01-19 00:00:00+00:00,806018.0
2024-01-20 00:00:00+00:00,817313.0
2024-01-21 00:00:00+00:00,767739.0
2024-01-22 00:00:00+00:00,951076.0
2024-01-23 00:00:00+00:00,865990.0
2024-01-24 00:00:00+00:00,899326.0
2024-01-25 00:00:00+00:00,1101397.0
2024-01-26 00:00:00+00:00,892906.0
2024-01-27 00:00:00+00:00,965883.0
2024-01-28 00:00:00+00:00,898096.0
2024-01-29 00:00:00+00:00,959589.0
2024-01-30 00:00:00+00:00,907924.0
2024-01-31 00:00:00+00:00,870798.0
2024-02-01 00:00:00+00:00,933880.0
2024-02-02 00:00:00+00:00,932903.0
2024-02-03 00:00:00+00:00,820828.0
2024-02-04 00:00:00+00:00,802004.0
2024-02-05 00:00:00+00:00,852467.0
2024-02-06 00:00:00+00:00,865722.0
2024-02-07 00:00:00+00:00,901234.0
2024-02-08 00:00:00+00:00,818130.0
2024-02-09 00:00:00+00:00,950564.0
2024-02-10 00:00:00+00:00,963958.0
2024-02-11 00:00:00+00:00,840255.0
2024-02-12 00:00:00+00:00,1013562.0
2024-02-13 00:00:00+00:00,843469.0
2024-02-14 00:00:00+00:00,803805.0
2024-02-15 00:00:00+00:00,892019.0
2024-02-16 00:00:00+00:00,836256.0
2024-02-17 00:00:00+00:00,850883.0
2024-02-18 00:00:00+00:00,748090.0
2024-02-19 00:00:00+00:00,867774.0
2024-02-20 00:00:00+00:00,866223.0
2024-02-21 00:00:00+00:00,821320.0
2024-02-22 00:00:00+00:00,855859.0
2024-02-23 00:00:00+00:00,938307.0
2024-02-24 00:00:00+00:00,819174.0
2024-02-25 00:00:00+00:00,894568.0
2024-02-26 00:00:00+00:00,887140.0
2024-02-27 00:00:00+00:00,917983.0
2024-02-28 00:00:00+00:00,1054242.0
2024-02-29 00:00:00+00:00,989364.0
2024-03-01 00:00:00+00:00,1058499.0
2024-03-02 00:00:00+00:00,843207.0
2024-03-03 00:00:00+00:00,868123.0
2024-03-04 00:00:00+00:00,889591.0
2024-03-05 00:00:00+00:00,1163884.0
2024-03-06 00:00:00+00:00,922558.0
2024-03-07 00:00:00+00:00,1034779.0
2024-03-08 00:00:00+00:00,947450.0
2024-03-09 00:00:00+00:00,915625.0
2024-03-10 00:00:00+00:00,862638.0
2024-03-11 00:00:00+00:00,1150718.0
2024-03-12 00:00:00+00:00,1016389.0
2024-03-13 00:00:00+00:00,1093495.0
2024-03-14 00:00:00+00:00,1000634.0
2024-03-15 00:00:00+00:00,963220.0
2024-03-16 00:00:00+00:00,916345.0
2024-03-17 00:00:00+00:00,861558.0
2024-03-18 00:00:00+00:00,910571.0
2024-03-19 00:00:00+00:00,974102.0
2024-03-20 00:00:00+00:00,942142.0
2024-03-21 00:00:00+00:00,819742.0
2024-03-22 00:00:00+00:00,915500.0
2024-03-23 00:00:00+00:00,908728.0
2024-03-24 00:00:00+00:00,918817.0
2024-03-25 00:00:00+00:00,918815.0
2024-03-26 00:00:00+00:00,851577.0
2024-03-27 00:00:00+00:00,865580.0
2024-03-28 00:00:00+00:00,942681.0
2024-03-29 00:00:00+00:00,847610.0
2024-03-30 00:00:00+00:00,826192.0
2024-03-31 00:00:00+00:00,691124.0
2024-04-01 00:00:00+00:00,970510.0
2024-04-02 00:00:00+00:00,953501.0
2024-04-03 00:00:00+00:00,965290.0
2024-04-04 00:00:00+00:00,978380.0
2024-04-05 00:00:00+00:00,950040.0
2024-04-06 00:00:00+00:00,907389.0
2024-04-07 00:00:00+00:00,833045.0
2024-04-08 00:00:00+00:00,896193.0
2024-04-09 00:00:00+00:00,890535.0
2024-04-10 00:00:00+00:00,846297.0
2024-04-11 00:00:00+00:00,748021.0
2024-04-12 00:00:00+00:00,832502.0
2024-04-13 00:00:00+00:00,869723.0
2024-04-14 00:00:00+00:00,839158.0
2024-04-15 00:00:00+00:00,813736.0
2024-04-16 00:00:00+00:00,941086.0
2024-04-17 00:00:00+00:00,794595.0
2024-04-18 00:00:00+00:00,823945.0
2024-04-19 00:00:00+00:00,880733.0
2024-04-20 00:00:00+00:00,509709.0
2024-04-21 00:00:00+00:00,565959.0
2024-04-22 00:00:00+00:00,659537.0
2024-04-23 00:00:00+00:00,547174.0
2024-04-24 00:00:00+00:00,835569.0
2024-04-25 00:00:00+00:00,818807.0
2024-04-26 00:00:00+00:00,847289.0
2024-04-27 00:00:00+00:00,856864.0
2024-04-28 00:00:00+00:00,707117.0
2024-04-29 00:00:00+00:00,856192.0
2024-04-30 00:00:00+00:00,827915.0
2024-05-01 00:00:00+00:00,781183.0
2024-05-02 00:00:00+00:00,744998.0
2024-05-03 00:00:00+00:00,731936.0
2024-05-04 00:00:00+00:00,613171.0
2024-05-05 00:00:00+00:00,573428.0
2024-05-06 00:00:00+00:00,670316.0
2024-05-07 00:00:00+00:00,702887.0
2024-05-08 00:00:00+00:00,697417.0
2024-05-09 00:00:00+00:00,671205.0
2024-05-10 00:00:00+00:00,606931.0
2024-05-11 00:00:00+00:00,612137.0
2024-05-12 00:00:00+00:00,573640.0
2024-05-13 00:00:00+00:00,746125.0
2024-05-14 00:00:00+00:00,686207.0
2024-05-15 00:00:00+00:00,714393.0
2024-05-16 00:00:00+00:00,689540.0
2024-05-17 00:00:00+00:00,743911.0
2024-05-18 00:00:00+00:00,650957.0
2024-05-19 00:00:00+00:00,637953.0
2024-05-20 00:00:00+00:00,706063.0
2024-05-21 00:00:00+00:00,746087.0
2024-05-22 00:00:00+00:00,709347.0
2024-05-23 00:00:00+00:00,728396.0
2024-05-24 00:00:00+00:00,663534.0
2024-05-25 00:00:00+00:00,591356.0
2024-05-26 00:00:00+00:00,538911.0
2024-05-27 00:00:00+00:00,612909.0
2024-05-28 00:00:00+00:00,653177.0
2024-05-29 00:00:00+00:00,559784.0
2024-05-30 00:00:00+00:00,649063.0
2024-05-31 00:00:00+00:00,656289.0
2024-06-01 00:00:00+00:00,570980.0
2024-06-02 00:00:00+00:00,536181.0
2024-06-03 00:00:00+00:00,689745.0
2024-06-04 00:00:00+00:00,637180.0
2024-06-05 00:00:00+00:00,592424.0
2024-06-06 00:00:00+00:00,624088.0
2024-06-07 00:00:00+00:00,583336.0
2024-06-08 00:00:00+00:00,772154.0
2024-06-09 00:00:00+00:00,609844.0
2024-06-10 00:00:00+00:00,684041.0
2024-06-11 00:00:00+00:00,684207.0
2024-06-12 00:00:00+00:00,677849.0
2024-06-13 00:00:00+00:00,613255.0
2024-06-14 00:00:00+00:00,606488.0
2024-06-15 00:00:00+00:00,635369.0
2024-06-16 00:00:00+00:00,735939.0
2024-06-17 00:00:00+00:00,724644.0
2024-06-18 00:00:00+00:00,733498.0
2024-06-19 00:00:00+00:00,622245.0
2024-06-20 00:00:00+00:00,661281.0
2024-06-21 00:00:00+00:00,719280.0
2024-06-22 00:00:00+00:00,639305.0
2024-06-23 00:00:00+00:00,511478.0
2024-06-24 00:00:00+00:00,756391.0
2024-06-25 00:00:00+00:00,631668.0
2024-06-26 00:00:00+00:00,659381.0
2024-06-27 00:00:00+00:00,741302.0
2024-06-28 00:00:00+00:00,752964.0
2024-06-29 00:00:00+00:00,720705.0
2024-06-30 00:00:00+00:00,653363.0
2024-07-01 00:00:00+00:00,907181.0
2024-07-02 00:00:00+00:00,750376.0
2024-07-03 00:00:00+00:00,769767.0
2024-07-04 00:00:00+00:00,715636.0
2024-07-05 00:00:00+00:00,694964.0
2024-07-06 00:00:00+00:00,720587.0
2024-07-07 00:00:00+00:00,594423.0
2024-07-08 00:00:00+00:00,798942.0
2024-07-09 00:00:00+00:00,762581.0
2024-07-10 00:00:00+00:00,646708.0
2024-07-11 00:00:00+00:00,646553.0
2024-07-12 00:00:00+00:00,708446.0
2024-07-13 00:00:00+00:00,601071.0
2024-07-14 00:00:00+00:00,751254.0
2024-07-15 00:00:00+00:00,787506.0
2024-07-16 00:00:00+00:00,746639.0
2024-07-17 00:00:00+00:00,729938.0
2024-07-18 00:00:00+00:00,764574.0
2024-07-19 00:00:00+00:00,755308.0
2024-07-20 00:00:00+00:00,673407.0
2024-07-21 00:00:00+00:00,607493.0
2024-07-22 00:00:00+00:00,749350.0
2024-07-23 00:00:00+00:00,671794.0
2024-07-24 00:00:00+00:00,681137.0
2024-07-25 00:00:00+00:00,713877.0
2024-07-26 00:00:00+00:00,715636.0
2024-07-27 00:00:00+00:00,694649.0
2024-07-28 00:00:00+00:00,578686.0
2024-07-29 00:00:00+00:00,794379.0
2024-07-30 00:00:00+00:00,673555.0
2024-07-31 00:00:00+00:00,740485.0
2024-08-01 00:00:00+00:00,772675.0
2024-08-02 00:00:00+00:00,764749.0
2024-08-03 00:00:00+00:00,692352.0
2024-08-04 00:00:00+00:00,668340.0
2024-08-05 00:00:00+00:00,817104.0
2024-08-06 00:00:00+00:00,729981.0
2024-08-07 00:00:00+00:00,714826.0
2024-08-08 00:00:00+00:00,722252.0
2024-08-09 00:00:00+00:00,705635.0
2024-08-10 00:00:00+00:00,594175.0
2024-08-11 00:00:00+00:00,630696.0
2024-08-12 00:00:00+00:00,714520.0
2024-08-13 00:00:00+00:00,706882.0
2024-08-14 00:00:00+00:00,662757.0
2024-08-15 00:00:00+00:00,715632.0
2024-08-16 00:00:00+00:00,700335.0
2024-08-17 00:00:00+00:00,612305.0
2024-08-18 00:00:00+00:00,588717.0
2024-08-19 00:00:00+00:00,687027.0
2024-08-20 00:00:00+00:00,696903.0
2024-08-21 00:00:00+00:00,711700.0
2024-08-22 00:00:00+00:00,719227.0
2024-08-23 00:00:00+00:00,694990.0
2024-08-24 00:00:00+00:00,611271.0
2024-08-25 00:00:00+00:00,539499.0
2024-08-26 00:00:00+00:00,656542.0
2024-08-27 00:00:00+00:00,685194.0
2024-08-28 00:00:00+00:00,740845.0
2024-08-29 00:00:00+00:00,723280.0
2024-08-30 00:00:00+00:00,826297.0
2024-08-31 00:00:00+00:00,670825.0
2024-09-01 00:00:00+00:00,660770.0
2024-09-02 00:00:00+00:00,717673.0
2024-09-03 00:00:00+00:00,699302.0
2024-09-04 00:00:00+00:00,699461.0
2024-09-05 00:00:00+00:00,734546.0
2024-09-06 00:00:00+00:00,726287.0
2024-09-07 00:00:00+00:00,606660.0
2024-09-08 00:00:00+00:00,596940.0
2024-09-09 00:00:00+00:00,736827.0
2024-09-10 00:00:00+00:00,733172.0
2024-09-11 00:00:00+00:00,662704.0
2024-09-12 00:00:00+00:00,775748.0
2024-09-13 00:00:00+00:00,794367.0
2024-09-14 00:00:00+00:00,688474.0
2024-09-15 00:00:00+00:00,643849.0
2024-09-16 00:00:00+00:00,746172.0
2024-09-17 00:00:00+00:00,732953.0
2024-09-18 00:00:00+00:00,720313.0
2024-09-19 00:00:00+00:00,746741.0
2024-09-20 00:00:00+00:00,822445.0
2024-09-21 00:00:00+00:00,665209.0
2024-09-22 00:00:00+00:00,595289.0
2024-09-23 00:00:00+00:00,796781.0
2024-09-24 00:00:00+00:00,749184.0
2024-09-25 00:00:00+00:00,713234.0
2024-09-26 00:00:00+00:00,721855.0
2024-09-27 00:00:00+00:00,751618.0
2024-09-28 00:00:00+00:00,649697.0
2024-09-29 00:00:00+00:00,680061.0
2024-09-30 00:00:00+00:00,732082.0
2024-10-01 00:00:00+00:00,863700.0
2024-10-02 00:00:00+00:00,711643.0
2024-10-03 00:00:00+00:00,737116.0
2024-10-04 00:00:00+00:00,784413.0
2024-10-05 00:00:00+00:00,608641.0
2024-10-06 00:00:00+00:00,610738.0
2024-10-07 00:00:00+00:00,719501.0
2024-10-08 00:00:00+00:00,822783.0
2024-10-09 00:00:00+00:00,668278.0
2024-10-10 00:00:00+00:00,679738.0
2024-10-11 00:00:00+00:00,718986.0
2024-10-12 00:00:00+00:00,606243.0
2024-10-13 00:00:00+00:00,609844.0
2024-10-14 00:00:00+00:00,722649.0
2024-10-15 00:00:00+00:00,787245.0
2024-10-16 00:00:00+00:00,614677.0
2024-10-17 00:00:00+00:00,765780.0
2024-10-18 00:00:00+00:00,723986.0
2024-10-19 00:00:00+00:00,685573.0
2024-10-20 00:00:00+00:00,688498.0
2024-10-21 00:00:00+00:00,717571.0
2024-10-22 00:00:00+00:00,639877.0
2024-10-23 00:00:00+00:00,740774.0
2024-10-24 00:00:00+00:00,656927.0
2024-10-25 00:00:00+00:00,859095.0
2024-10-26 00:00:00+00:00,727063.0
2024-10-27 00:00:00+00:00,654362.0
2024-10-28 00:00:00+00:00,756668.0
2024-10-29 00:00:00+00:00,831182.0
2024-10-30 00:00:00+00:00,794409.0
2024-10-31 00:00:00+00:00,789382.0
2024-11-01 00:00:00+00:00,819093.0
2024-11-02 00:00:00+00:00,690705.0
2024-11-03 00:00:00+00:00,627617.0
2024-11-04 00:00:00+00:00,811710.0
2024-11-05 00:00:00+00:00,768957.0
2024-11-06 00:00:00+00:00,894241.0
2024-11-07 00:00:00+00:00,792482.0
2024-11-08 00:00:00+00:00,848426.0
2024-11-09 00:00:00+00:00,654475.0
2024-11-10 00:00:00+00:00,793243.0
2024-11-11 00:00:00+00:00,941403.0
2024-11-12 00:00:00+00:00,1007782.0
2024-11-13 00:00:00+00:00,859128.0
2024-11-14 00:00:00+00:00,839766.0
2024-11-15 00:00:00+00:00,886479.0
2024-11-16 00:00:00+00:00,802492.0
2024-11-17 00:00:00+00:00,717710.0
2024-11-18 00:00:00+00:00,796834.0
2024-11-19 00:00:00+00:00,757888.0
2024-11-20 00:00:00+00:00,750264.0
2024-11-21 00:00:00+00:00,977195.0
2024-11-22 00:00:00+00:00,902930.0
2024-11-23 00:00:00+00:00,877099.0
2024-11-24 00:00:00+00:00,790852.0
2024-11-25 00:00:00+00:00,956417.0
2024-11-26 00:00:00+00:00,790710.0
2024-11-27 00:00:00+00:00,800136.0
2024-11-28 00:00:00+00:00,754947.0
2024-11-29 00:00:00+00:00,767132.0
2024-11-30 00:00:00+00:00,828664.0
2024-12-01 00:00:00+00:00,739652.0
2024-12-02 00:00:00+00:00,925715.0
2024-12-03 00:00:00+00:00,918415.0
2024-12-04 00:00:00+00:00,887569.0
2024-12-05 00:00:00+00:00,968792.0
2024-12-06 00:00:00+00:00,872253.0
2024-12-07 00:00:00+00:00,798958.0
2024-12-08 00:00:00+00:00,851865.0
2024-12-09 00:00:00+00:00,915304.0
2024-12-10 00:00:00+00:00,985635.0
2024-12-11 00:00:00+00:00,858578.0
2024-12-12 00:00:00+00:00,883811.0
2024-12-13 00:00:00+00:00,936834.0
2024-12-14 00:00:00+00:00,774578.0
2024-12-15 00:00:00+00:00,789756.0
2024-12-16 00:00:00+00:00,952348.0
2024-12-17 00:00:00+00:00,829977.0
2024-12-18 00:00:00+00:00,890898.0
2024-12-19 00:00:00+00:00,861604.0
2024-12-20 00:00:00+00:00,882836.0
2024-12-21 00:00:00+00:00,744752.0
2024-12-22 00:00:00+00:00,758970.0
2024-12-23 00:00:00+00:00,804969.0
2024-12-24 00:00:00+00:00,763920.0
2024-12-25 00:00:00+00:00,702219.0
2024-12-26 00:00:00+00:00,739743.0
2024-12-27 00:00:00+00:00,846364.0
2024-12-28 00:00:00+00:00,704798.0
2024-12-29 00:00:00+00:00,727603.0
2024-12-30 00:00:00+00:00,812462.0
2024-12-31 00:00:00+00:00,780332.0
2025-01-01 00:00:00+00:00,661798.0
2025-01-02 00:00:00+00:00,806065.0
2025-01-03 00:00:00+00:00,774077.0
2025-01-04 00:00:00+00:00,699568.0
2025-01-05 00:00:00+00:00,672568.0
2025-01-06 00:00:00+00:00,765227.0
2025-01-07 00:00:00+00:00,780759.0
2025-01-08 00:00:00+00:00,739012.0
2025-01-09 00:00:00+00:00,742304.0
2025-01-10 00:00:00+00:00,797315.0
2025-01-11 00:00:00+00:00,680515.0
2025-01-12 00:00:00+00:00,706797.0
2025-01-13 00:00:00+00:00,730319.0
2025-01-14 00:00:00+00:00,790420.0
2025-01-15 00:00:00+00:00,804761.0
2025-01-16 00:00:00+00:00,787871.0
2025-01-17 00:00:00+00:00,844973.0
2025-01-18 00:00:00+00:00,730835.0
2025-01-19 00:00:00+00:00,777201.0
2025-01-20 00:00:00+00:00,852334.0
2025-01-21 00:00:00+00:00,864025.0
2025-01-22 00:00:00+00:00,830610.0
2025-01-23 00:00:00+00:00,797154.0
2025-01-24 00:00:00+00:00,778133.0
2025-01-25 00:00:00+00:00,674223.0
2025-01-26 00:00:00+00:00,652111.0
2025-01-27 00:00:00+00:00,800741.0
2025-01-28 00:00:00+00:00,754559.0
2025-01-29 00:00:00+00:00,732357.0
2025-01-30 00:00:00+00:00,768553.0
2025-01-31 00:00:00+00:00,767144.0
2025-02-01 00:00:00+00:00,732561.0
2025-02-02 00:00:00+00:00,762118.0
2025-02-03 00:00:00+00:00,872269.0
2025-02-04 00:00:00+00:00,807567.0
2025-02-05 00:00:00+00:00,755489.0
2025-02-06 00:00:00+00:00,753978.0
2025-02-07 00:00:00+00:00,753607.0
2025-02-08 00:00:00+00:00,655694.0
2025-02-09 00:00:00+00:00,630935.0
2025-02-10 00:00:00+00:00,784554.0
2025-02-11 00:00:00+00:00,778968.0
2025-02-12 00:00:00+00:00,713585.0
2025-02-13 00:00:00+00:00,752473.0
2025-02-14 00:00:00+00:00,734111.0
2025-02-15 00:00:00+00:00,651702.0
2025-02-16 00:00:00+00:00,607272.0
2025-02-17 00:00:00+00:00,722465.0
2025-02-18 00:00:00+00:00,752996.0
2025-02-19 00:00:00+00:00,680832.0
2025-02-20 00:00:00+00:00,692965.0
2025-02-21 00:00:00+00:00,718521.0
2025-02-22 00:00:00+00:00,629577.0
2025-02-23 00:00:00+00:00,515136.0
2025-02-24 00:00:00+00:00,713984.0
2025-02-25 00:00:00+00:00,837361.0
2025-02-26 00:00:00+00:00,827083.0
2025-02-27 00:00:00+00:00,890859.0
2025-02-28 00:00:00+00:00,915297.0
2025-03-01 00:00:00+00:00,796043.0
2025-03-02 00:00:00+00:00,691454.0
2025-03-03 00:00:00+00:00,804674.0
2025-03-04 00:00:00+00:00,752956.0
2025-03-05 00:00:00+00:00,735786.0
2025-03-06 00:00:00+00:00,825264.0
2025-03-07 00:00:00+00:00,863520.0
2025-03-08 00:00:00+00:00,673352.0
2025-03-09 00:00:00+00:00,664954.0
2025-03-10 00:00:00+00:00,800739.0
2025-03-11 00:00:00+00:00,782819.0
2025-03-12 00:00:00+00:00,745460.0
2025-03-13 00:00:00+00:00,764889.0
2025-03-14 00:00:00+00:00,779781.0
2025-03-15 00:00:00+00:00,663845.0
2025-03-16 00:00:00+00:00,682615.0
2025-03-17 00:00:00+00:00,777796.0
2025-03-18 00:00:00+00:00,728748.0
2025-03-19 00:00:00+00:00,757656.0
2025-03-20 00:00:00+00:00,813034.0
2025-03-21 00:00:00+00:00,769088.0
2025-03-22 00:00:00+00:00,644074.0
2025-03-23 00:00:00+00:00,610837.0
2025-03-24 00:00:00+00:00,809888.0
2025-03-25 00:00:00+00:00,725387.0
2025-03-26 00:00:00+00:00,759292.0
2025-03-27 00:00:00+00:00,778898.0
2025-03-28 00:00:00+00:00,830965.0
2025-03-29 00:00:00+00:00,665765.0
2025-03-30 00:00:00+00:00,611195.0
2025-03-31 00:00:00+00:00,770064.0
2025-04-01 00:00:00+00:00,807365.0
2025-04-02 00:00:00+00:00,769838.0
2025-04-03 00:00:00+00:00,792583.0
2025-04-04 00:00:00+00:00,820433.0
2025-04-05 00:00:00+00:00,736838.0
2025-04-06 00:00:00+00:00,645459.0
2025-04-07 00:00:00+00:00,791618.0
2025-04-08 00:00:00+00:00,736263.0
2025-04-09 00:00:00+00:00,743091.0
2025-04-10 00:00:00+00:00,745006.0
2025-04-11 00:00:00+00:00,762968.0
2025-04-12 00:00:00+00:00,651244.0
2025-04-13 00:00:00+00:00,599557.0
2025-04-14 00:00:00+00:00,731158.0
2025-04-15 00:00:00+00:00,764894.0
2025-04-16 00:00:00+00:00,715957.0
2025-04-17 00:00:00+00:00,734302.0
2025-04-18 00:00:00+00:00,669757.0
2025-04-19 00:00:00+00:00,618431.0
2025-04-20 00:00:00+00:00,563502.0
2025-04-21 00:00:00+00:00,680575.0
2025-04-22 00:00:00+00:00,792265.0
2025-04-23 00:00:00+00:00,716670.0
2025-04-24 00:00:00+00:00,771761.0
2025-04-25 00:00:00+00:00,818112.0
2025-04-26 00:00:00+00:00,636351.0
2025-04-27 00:00:00+00:00,614897.0
2025-04-28 00:00:00+00:00,801464.0
2025-04-29 00:00:00+00:00,738376.0
2025-04-30 00:00:00+00:00,797218.0
2025-05-01 00:00:00+00:00,783416.0
2025-05-02 00:00:00+00:00,931165.0
2025-05-03 00:00:00+00:00,686500.0
2025-05-04 00:00:00+00:00,613491.0
2025-05-05 00:00:00+00:00,758965.0
2025-05-06 00:00:00+00:00,787857.0
2025-05-07 00:00:00+00:00,846613.0
2025-05-08 00:00:00+00:00,852697.0
2025-05-09 00:00:00+00:00,863281.0
2025-05-10 00:00:00+00:00,664831.0
2025-05-11 00:00:00+00:00,615305.0
2025-05-12 00:00:00+00:00,758453.0
2025-05-13 00:00:00+00:00,808191.0
2025-05-14 00:00:00+00:00,790244.0
2025-05-15 00:00:00+00:00,754318.0
2025-05-16 00:00:00+00:00,829195.0
2025-05-17 00:00:00+00:00,740377.0
2025-05-18 00:00:00+00:00,601421.0
2025-05-19 00:00:00+00:00,718046.0
2025-05-20 00:00:00+00:00,739140.0
2025-05-21 00:00:00+00:00,796779.0
2025-05-22 00:00:00+00:00,868642.0
2025-05-23 00:00:00+00:00,809410.0
2025-05-24 00:00:00+00:00,644711.0
2025-05-25 00:00:00+00:00,625162.0
2025-05-26 00:00:00+00:00,745729.0
2025-05-27 00:00:00+00:00,706571.0
2025-05-28 00:00:00+00:00,782052.0
2025-05-29 00:00:00+00:00,765279.0
2025-05-30 00:00:00+00:00,834229.0
2025-05-31 00:00:00+00:00,711975.0
2025-06-01 00:00:00+00:00,689965.0
2025-06-02 00:00:00+00:00,771787.0
2025-06-03 00:00:00+00:00,864048.0
2025-06-04 00:00:00+00:00,720304.0
2025-06-05 00:00:00+00:00,781431.0
2025-06-06 00:00:00+00:00,781673.0
2025-06-07 00:00:00+00:00,653737.0
2025-06-08 00:00:00+00:00,611460.0
2025-06-09 00:00:00+00:00,744523.0
2025-06-10 00:00:00+00:00,824315.0
2025-06-11 00:00:00+00:00,755087.0
2025-06-12 00:00:00+00:00,780705.0
2025-06-13 00:00:00+00:00,811764.0
2025-06-14 00:00:00+00:00,631338.0
2025-06-15 00:00:00+00:00,599893.0
2025-06-16 00:00:00+00:00,722329.0
2025-06-17 00:00:00+00:00,712578.0
2025-06-18 00:00:00+00:00,751671.0
2025-06-19 00:00:00+00:00,716269.0
2025-06-20 00:00:00+00:00,778947.0
2025-06-21 00:00:00+00:00,658427.0
2025-06-22 00:00:00+00:00,595271.0
2025-06-23 00:00:00+00:00,691705.0
2025-06-24 00:00:00+00:00,757208.0
2025-06-25 00:00:00+00:00,748961.0
2025-06-26 00:00:00+00:00,764181.0
2025-06-27 00:00:00+00:00,731987.0
2025-06-28 00:00:00+00:00,636115.0
2025-06-29 00:00:00+00:00,545712.0
2025-06-30 00:00:00+00:00,759866.0
2025-07-01 00:00:00+00:00,796482.0
2025-07-02 00:00:00+00:00,794995.0
2025-07-03 00:00:00+00:00,798168.0
2025-07-04 00:00:00+00:00,693948.0
2025-07-05 00:00:00+00:00,561792.0
2025-07-06 00:00:00+00:00,613042.0
2025-07-07 00:00:00+00:00,686261.0
2025-07-08 00:00:00+00:00,795709.0
2025-07-09 00:00:00+00:00,779022.0
2025-07-10 00:00:00+00:00,829216.0
2025-07-11 00:00:00+00:00,845548.0
2025-07-12 00:00:00+00:00,673470.0
2025-07-13 00:00:00+00:00,655163.0
2025-07-14 00:00:00+00:00,797345.0
2025-07-15 00:00:00+00:00,753728.0
2025-07-16 00:00:00+00:00,735726.0
2025-07-17 00:00:00+00:00,811618.0
2025-07-18 00:00:00+00:00,757713.0
2025-07-19 00:00:00+00:00,655287.0
2025-07-20 00:00:00+00:00,625098.0
2025-07-21 00:00:00+00:00,733805.0
2025-07-22 00:00:00+00:00,730808.0
2025-07-23 00:00:00+00:00,738717.0
2025-07-24 00:00:00+00:00,719805.0
2025-07-25 00:00:00+00:00,749904.0
2025-07-26 00:00:00+00:00,652309.0
2025-07-27 00:00:00+00:00,615345.0
2025-07-28 00:00:00+00:00,728095.0
2025-07-29 00:00:00+00:00,715626.0
2025-07-30 00:00:00+00:00,733090.0
2025-07-31 00:00:00+00:00,752871.0
2025-08-01 00:00:00+00:00,838177.0
2025-08-02 00:00:00+00:00,693800.0
2025-08-03 00:00:00+00:00,621756.0
2025-08-04 00:00:00+00:00,728238.0
2025-08-05 00:00:00+00:00,798131.0
2025-08-06 00:00:00+00:00,838450.0
2025-08-07 00:00:00+00:00,810557.0
2025-08-08 00:00:00+00:00,960615.0
2025-08-09 00:00:00+00:00,767705.0
2025-08-10 00:00:00+00:00,651290.0
2025-08-11 00:00:00+00:00,760684.0
2025-08-12 00:00:00+00:00,721420.0
2025-08-13 00:00:00+00:00,753168.0
2025-08-14 00:00:00+00:00,803997.0
2025-08-15 00:00:00+00:00,734665.0
2025-08-16 00:00:00+00:00,642573.0
2025-08-17 00:00:00+00:00,569807.0
2025-08-18 00:00:00+00:00,701698.0
2025-08-19 00:00:00+00:00,670399.0
2025-08-20 00:00:00+00:00,726389.0
2025-08-21 00:00:00+00:00,702511.0
2025-08-22 00:00:00+00:00,767825.0
2025-08-23 00:00:00+00:00,662164.0
2025-08-24 00:00:00+00:00,610390.0
2025-08-25 00:00:00+00:00,705894.0
2025-08-26 00:00:00+00:00,710999.0
2025-08-27 00:00:00+00:00,703023.0
2025-08-28 00:00:00+00:00,696912.0
2025-08-29 00:00:00+00:00,777455.0
2025-08-30 00:00:00+00:00,633372.0
2025-08-31 00:00:00+00:00,579281.0
2025-09-01 00:00:00+00:00,724476.0
2025-09-02 00:00:00+00:00,741440.0
2025-09-03 00:00:00+00:00,757257.0
2025-09-04 00:00:00+00:00,768977.0
2025-09-05 00:00:00+00:00,811569.0
2025-09-06 00:00:00+00:00,613246.0
2025-09-07 00:00:00+00:00,594567.0
2025-09-08 00:00:00+00:00,732824.0
2025-09-09 00:00:00+00:00,725526.0
2025-09-10 00:00:00+00:00,687721.0
2025-09-11 00:00:00+00:00,722040.0
2025-09-12 00:00:00+00:00,721666.0
2025-09-13 00:00:00+00:00,684987.0
2025-09-14 00:00:00+00:00,646063.0
2025-09-15 00:00:00+00:00,773239.0
2025-09-16 00:00:00+00:00,747555.0
2025-09-17 00:00:00+00:00,698218.0
2025-09-18 00:00:00+00:00,729042.0
2025-09-19 00:00:00+00:00,759748.0
2025-09-20 00:00:00+00:00,711626.0
2025-09-21 00:00:00+00:00,660574.0
2025-09-22 00:00:00+00:00,747221.0
2025-09-23 00:00:00+00:00,674195.0
2025-09-24 00:00:00+00:00,682109.0
2025-09-25 00:00:00+00:00,741811.0
2025-09-26 00:00:00+00:00,728767.0
2025-09-27 00:00:00+00:00,635310.0
2025-09-28 00:00:00+00:00,652543.0
2025-09-29 00:00:00+00:00,740289.0
2025-09-30 00:00:00+00:00,745290.0
2025-10-01 00:00:00+00:00,885196.0
2025-10-02 00:00:00+00:00,804780.0
2025-10-03 00:00:00+00:00,797887.0
2025-10-04 00:00:00+00:00,743257.0
2025-10-05 00:00:00+00:00,677933.0
2025-10-06 00:00:00+00:00,768110.0
2025-10-07 00:00:00+00:00,767705.0
2025-10-08 00:00:00+00:00,759929.0
2025-10-09 00:00:00+00:00,719972.0
2025-10-10 00:00:00+00:00,745662.0
2025-10-11 00:00:00+00:00,718136.0
2025-10-12 00:00:00+00:00,695884.0
2025-10-13 00:00:00+00:00,680803.0
2025-10-14 00:00:00+00:00,706371.0
2025-10-15 00:00:00+00:00,695775.0
2025-10-16 00:00:00+00:00,740169.0
2025-10-17 00:00:00+00:00,772447.0
2025-10-18 00:00:00+00:00,608801.0
2025-10-19 00:00:00+00:00,595209.0
2025-10-20 00:00:00+00:00,679663.0
2025-10-21 00:00:00+00:00,733522.0
2025-10-22 00:00:00+00:00,695833.0
2025-10-23 00:00:00+00:00,679681.0
2025-10-24 00:00:00+00:00,734616.0
2025-10-25 00:00:00+00:00,595504.0
2025-10-26 00:00:00+00:00,584836.0
2025-10-27 00:00:00+00:00,726782.0
2025-10-28 00:00:00+00:00,693980.0
2025-10-29 00:00:00+00:00,667087.0
2025-10-30 00:00:00+00:00,708971.0
2025-10-31 00:00:00+00:00,723709.0
2025-11-01 00:00:00+00:00,683092.0
2025-11-02 00:00:00+00:00,575622.0
2025-11-03 00:00:00+00:00,772175.0
2025-11-04 00:00:00+00:00,779122.0
2025-11-05 00:00:00+00:00,747953.0
2025-11-06 00:00:00+00:00,737224.0
2025-11-07 00:00:00+00:00,752529.0
2025-11-08 00:00:00+00:00,622449.0
2025-11-09 00:00:00+00:00,607063.0
2025-11-10 00:00:00+00:00,723219.0
2025-11-11 00:00:00+00:00,717240.0
2025-11-12 00:00:00+00:00,666761.0
2025-11-13 00:00:00+00:00,715565.0
2025-11-14 00:00:00+00:00,804891.0
2025-11-15 00:00:00+00:00,735457.0
2025-11-16 00:00:00+00:00,599175.0
2025-11-17 00:00:00+00:00,722706.0
2025-11-18 00:00:00+00:00,783873.0
2025-11-19 00:00:00+00:00,740835.0
2025-11-20 00:00:00+00:00,712914.0
2025-11-21 00:00:00+00:00,798210.0
2025-11-22 00:00:00+00:00,653472.0
2025-11-23 00:00:00+00:00,587259.0
2025-11-24 00:00:00+00:00,672046.0
2025-11-25 00:00:00+00:00,673473.0
2025-11-26 00:00:00+00:00,719513.0
2025-11-27 00:00:00+00:00,675201.0
2025-11-28 00:00:00+00:00,703533.0
2025-11-29 00:00:00+00:00,630159.0
2025-11-30 00:00:00+00:00,601718.0
2025-12-01 00:00:00+00:00,737081.0
2025-12-02 00:00:00+00:00,743961.0
2025-12-03 00:00:00+00:00,716757.0
2025-12-04 00:00:00+00:00,693069.0
2025-12-05 00:00:00+00:00,712886.0
2025-12-06 00:00:00+00:00,615281.0
2025-12-07 00:00:00+00:00,545020.0
2025-12-08 00:00:00+00:00,666566.0
2025-12-09 00:00:00+00:00,668386.0
2025-12-10 00:00:00+00:00,689654.0
2025-12-11 00:00:00+00:00,656012.0
2025-12-12 00:00:00+00:00,761375.0
2025-12-13 00:00:00+00:00,601306.0
2025-12-14 00:00:00+00:00,564048.0
2025-12-15 00:00:00+00:00,663223.0
2025-12-16 00:00:00+00:00,696716.0
2025-12-17 00:00:00+00:00,675987.0
2025-12-18 00:00:00+00:00,725880.0
2025-12-19 00:00:00+00:00,735738.0
2025-12-20 00:00:00+00:00,613352.0
2025-12-21 00:00:00+00:00,565021.0
2025-12-22 00:00:00+00:00,667969.0
2025-12-23 00:00:00+00:00,672116.0
2025-12-24 00:00:00+00:00,667297.0
2025-12-25 00:00:00+00:00,562104.0
2025-12-26 00:00:00+00:00,613757.0
2025-12-27 00:00:00+00:00,569638.0
2025-12-28 00:00:00+00:00,572908.0
2025-12-29 00:00:00+00:00,693511.0
2025-12-30 00:00:00+00:00,749500.0
2025-12-31 00:00:00+00:00,697063.0
2026-01-01 00:00:00+00:00,570904.0
2026-01-02 00:00:00+00:00,702623.0
2026-01-03 00:00:00+00:00,618923.0
2026-01-04 00:00:00+00:00,629824.0
2026-01-05 00:00:00+00:00,687169.0
2026-01-06 00:00:00+00:00,698247.0
2026-01-07 00:00:00+00:00,644966.0
2026-01-08 00:00:00+00:00,631893.0
2026-01-09 00:00:00+00:00,664665.0
2026-01-10 00:00:00+00:00,608784.0
2026-01-11 00:00:00+00:00,536405.0
2026-01-12 00:00:00+00:00,638422.0
2026-01-13 00:00:00+00:00,701272.0
2026-01-14 00:00:00+00:00,707589.0
2026-01-15 00:00:00+00:00,717904.0
2026-01-16 00:00:00+00:00,692686.0
2026-01-17 00:00:00+00:00,572689.0
2026-01-18 00:00:00+00:00,567075.0
2026-01-19 00:00:00+00:00,623139.0
2026-01-20 00:00:00+00:00,640908.0
2026-01-21 00:00:00+00:00,698736.0
2026-01-22 00:00:00+00:00,612517.0
2026-01-23 00:00:00+00:00,664123.0
2026-01-24 00:00:00+00:00,562317.0
2026-01-25 00:00:00+00:00,555249.0
2026-01-26 00:00:00+00:00,635513.0
2026-01-27 00:00:00+00:00,624246.0
2026-01-28 00:00:00+00:00,631786.0
2026-01-29 00:00:00+00:00,681624.0
2026-01-30 00:00:00+00:00,733411.0
2026-01-31 00:00:00+00:00,702918.0
2026-02-01 00:00:00+00:00,613261.0
2026-02-02 00:00:00+00:00,734473.0
2026-02-03 00:00:00+00:00,741467.0
2026-02-04 00:00:00+00:00,704812.0
2026-02-05 00:00:00+00:00,865167.0
2026-02-06 00:00:00+00:00,856992.0
2026-02-07 00:00:00+00:00,645574.0
2026-02-08 00:00:00+00:00,555675.0
2026-02-09 00:00:00+00:00,682068.0
2026-02-10 00:00:00+00:00,624916.0
2026-02-11 00:00:00+00:00,659141.0
2026-02-12 00:00:00+00:00,653355.0
2026-02-13 00:00:00+00:00,684978.0
2026-02-14 00:00:00+00:00,583422.0
2026-02-15 00:00:00+00:00,532309.0
2026-02-16 00:00:00+00:00,592609.0
2026-02-17 00:00:00+00:00,595445.0
2026-02-18 00:00:00+00:00,595919.0
2026-02-19 00:00:00+00:00,616639.0
2026-02-20 00:00:00+00:00,662947.0
2026-02-21 00:00:00+00:00,579813.0
2026-02-22 00:00:00+00:00,525709.0
2026-02-23 00:00:00+00:00,684644.0
2026-02-24 00:00:00+00:00,661423.0
2026-02-25 00:00:00+00:00,650235.0
2026-02-26 00:00:00+00:00,693519.0
2026-02-27 00:00:00+00:00,704075.0
2026-02-28 00:00:00+00:00,640533.0
2026-03-01 00:00:00+00:00,602506.0
2026-03-02 00:00:00+00:00,690831.0
2026-03-03 00:00:00+00:00,652464.0
2026-03-04 00:00:00+00:00,697294.0
2026-03-05 00:00:00+00:00,686708.0
2026-03-06 00:00:00+00:00,672019.0
2026-03-07 00:00:00+00:00,592224.0
2026-03-08 00:00:00+00:00,523172.0
2026-03-09 00:00:00+00:00,627803.0
2026-03-10 00:00:00+00:00,649875.0
2026-03-11 00:00:00+00:00,629140.0
2026-03-12 00:00:00+00:00,640192.0
2026-03-13 00:00:00+00:00,676568.0
2026-03-14 00:00:00+00:00,557544.0
2026-03-15 00:00:00+00:00,534462.0
2026-03-16 00:00:00+00:00,701802.0
2026-03-17 00:00:00+00:00,679525.0
2026-03-18 00:00:00+00:00,625137.0
2026-03-19 00:00:00+00:00,603884.0
2026-03-20 00:00:00+00:00,656663.0
2026-03-21 00:00:00+00:00,586709.0
2026-03-22 00:00:00+00:00,545348.0
2026-03-23 00:00:00+00:00,640101.0
2026-03-24 00:00:00+00:00,587472.0
2026-03-25 00:00:00+00:00,657017.0
2026-03-26 00:00:00+00:00,623105.0
2026-03-27 00:00:00+00:00,640242.0
