date,BTC,ETH,BNB,SOL,XRP,DOGE,ADA,TRX,HYPE,LINK
2023-01-01,16615.1,1200.43,244.54,9.992,0.33864,0.07023,0.24996,0.05482,,5.631
2023-01-02,16673.3,1214.0,245.3,11.29,0.34821,0.0714,0.25373,0.05518,,5.694
2023-01-03,16676.8,1214.51,246.06,13.378,0.34345,0.07049,0.25287,0.05481,,5.622
2023-01-04,16852.0,1256.73,258.77,13.436,0.34712,0.07312,0.2678,0.05479,,5.808
2023-01-05,16832.5,1251.34,256.52,13.429,0.3377,0.07151,0.26929,0.05372,,5.661
2023-01-06,16950.6,1269.04,259.98,13.507,0.34426,0.07242,0.27847,0.05249,,5.713
2023-01-07,16945.5,1264.04,261.15,13.103,0.34417,0.07218,0.2768,0.05202,,5.829
2023-01-08,17129.3,1290.09,274.59,14.473,0.34531,0.07364,0.29745,0.05441,,5.964
2023-01-09,17181.2,1320.43,272.7,16.258,0.34877,0.07565,0.31685,0.05462,,6.066
2023-01-10,17439.0,1335.37,277.31,16.205,0.35068,0.07782,0.32234,0.05489,,6.167
2023-01-11,17945.2,1389.66,285.0,16.371,0.37287,0.07814,0.32289,0.05652,,6.284
2023-01-12,18844.2,1415.77,287.79,16.594,0.37455,0.08024,0.32925,0.05713,,6.387
2023-01-13,19928.4,1450.99,293.74,18.285,0.38572,0.08448,0.34539,0.06009,,6.604
2023-01-14,20950.7,1549.66,305.22,24.24,0.39536,0.08728,0.35269,0.06179,,6.86
2023-01-15,20874.4,1552.32,302.19,22.904,0.3846,0.0861,0.35068,0.06231,,6.697
2023-01-16,21183.8,1576.44,298.87,23.575,0.38545,0.08369,0.35024,0.06242,,6.671
2023-01-17,21125.5,1565.19,299.34,22.861,0.38666,0.08282,0.34547,0.06167,,6.803
2023-01-18,20674.2,1511.26,287.08,20.791,0.37813,0.08003,0.32661,0.05891,,6.331
2023-01-19,21072.7,1551.18,294.6,21.413,0.39283,0.0816,0.33803,0.0601,,6.506
2023-01-20,22665.6,1658.24,305.43,25.505,0.41286,0.08617,0.36494,0.06275,,6.949
2023-01-21,22779.0,1626.75,298.95,24.559,0.40333,0.08463,0.36868,0.06174,,6.852
2023-01-22,22708.5,1627.45,302.95,24.198,0.40029,0.08824,0.37634,0.06167,,6.984
2023-01-23,22914.8,1626.25,305.07,24.321,0.42327,0.08852,0.3749,0.06273,,7.015
2023-01-24,22629.6,1556.06,300.4,22.766,0.40758,0.08388,0.35875,0.06018,,6.66
2023-01-25,23052.6,1611.28,306.86,24.521,0.41686,0.08654,0.37322,0.0618,,6.957
2023-01-26,23010.0,1600.99,304.84,24.348,0.40918,0.08635,0.37962,0.06172,,7.172
2023-01-27,23074.8,1597.43,307.94,24.423,0.41277,0.0872,0.38971,0.06368,,7.381
2023-01-28,23025.1,1572.34,306.21,24.0,0.40777,0.08773,0.38173,0.06313,,7.21
2023-01-29,23740.0,1644.72,317.12,26.07,0.41333,0.09011,0.39758,0.06376,,7.37
2023-01-30,22825.1,1566.02,307.07,23.963,0.3933,0.08837,0.37258,0.06227,,6.915
2023-01-31,23127.6,1585.23,312.23,23.917,0.40568,0.09612,0.39015,0.06218,,6.951
2023-02-01,23728.7,1641.59,316.96,25.003,0.41311,0.09398,0.39687,0.06314,,7.215
2023-02-02,23487.8,1642.92,323.58,24.312,0.40978,0.09097,0.39804,0.06384,,7.103
2023-02-03,23431.2,1663.51,332.22,24.685,0.41163,0.09292,0.4038,0.06417,,7.294
2023-02-04,23324.7,1666.5,330.17,24.345,0.41063,0.09567,0.39936,0.06385,,7.24
2023-02-05,22933.1,1629.21,327.9,23.46,0.39842,0.09203,0.39231,0.06413,,6.985
2023-02-06,22761.7,1614.59,324.18,22.652,0.39197,0.08955,0.38214,0.06316,,6.832
2023-02-07,23246.1,1670.62,333.08,23.84,0.40359,0.09253,0.399,0.06577,,7.198
2023-02-08,22960.0,1650.46,328.24,23.212,0.39757,0.09019,0.39432,0.06698,,7.136
2023-02-09,21795.0,1545.33,306.16,20.484,0.3817,0.08144,0.36211,0.06263,,6.984
2023-02-10,21628.3,1513.18,305.83,20.112,0.38172,0.08091,0.35802,0.06328,,6.891
2023-02-11,21856.2,1538.93,310.45,20.808,0.38346,0.08224,0.36844,0.06374,,7.002
2023-02-12,21784.5,1515.21,312.6,21.501,0.37467,0.08214,0.36429,0.06389,,6.813
2023-02-13,21776.8,1505.4,294.27,20.769,0.37019,0.08207,0.35918,0.0656,,6.667
2023-02-14,22197.9,1555.61,296.11,21.841,0.38168,0.08358,0.38677,0.06672,,6.803
2023-02-15,24328.8,1674.91,317.39,23.866,0.40118,0.08925,0.41913,0.07087,,7.287
2023-02-16,23512.2,1637.83,304.2,22.251,0.38404,0.08491,0.38739,0.06684,,7.012
2023-02-17,24571.8,1693.67,313.04,23.15,0.39509,0.08775,0.40339,0.07033,,7.652
2023-02-18,24633.7,1691.55,316.54,23.454,0.39414,0.08888,0.40603,0.07013,,7.99
2023-02-19,24276.0,1680.13,311.95,24.842,0.38626,0.08702,0.39951,0.07039,,8.016
2023-02-20,24843.1,1703.43,315.5,26.268,0.39841,0.0883,0.40389,0.07196,,8.017
2023-02-21,24450.0,1659.2,311.71,24.982,0.39188,0.08546,0.3926,0.06948,,7.639
2023-02-22,24190.0,1643.2,312.6,24.156,0.39524,0.08548,0.38892,0.0694,,7.716
2023-02-23,23938.8,1650.33,308.17,23.918,0.38822,0.08426,0.38235,0.06952,,7.938
2023-02-24,23190.1,1607.73,302.38,23.074,0.37832,0.08094,0.36577,0.06789,,7.466
2023-02-25,23157.2,1594.73,302.39,22.367,0.37782,0.08074,0.36196,0.06784,,7.375
2023-02-26,23557.4,1641.47,308.73,23.255,0.37779,0.08216,0.36896,0.06953,,7.497
2023-02-27,23491.2,1633.59,304.77,22.67,0.37849,0.08135,0.36473,0.06943,,7.279
2023-02-28,23136.0,1605.37,301.49,21.892,0.37622,0.08085,0.35177,0.06906,,7.192
2023-03-01,23632.4,1664.96,302.76,22.51,0.38358,0.08194,0.36018,0.0699,,7.536
2023-03-02,23466.0,1647.98,299.84,21.998,0.37725,0.08056,0.3505,0.06972,,7.277
2023-03-03,22354.5,1569.29,290.5,21.416,0.37733,0.07685,0.34309,0.06714,,6.956
2023-03-04,22349.7,1566.81,289.67,20.982,0.37352,0.07462,0.33664,0.0667,,6.859
2023-03-05,22427.6,1564.49,288.85,20.972,0.36669,0.07476,0.33696,0.06722,,6.947
2023-03-06,22409.2,1565.79,287.77,20.623,0.36952,0.0748,0.33062,0.06739,,6.856
2023-03-07,22201.5,1562.57,289.14,20.251,0.38022,0.0741,0.33065,0.0663,,6.885
2023-03-08,21706.7,1532.66,286.92,18.419,0.38912,0.07111,0.31761,0.06531,,6.579
2023-03-09,20367.2,1437.53,277.14,17.329,0.37064,0.066,0.3103,0.05864,,6.157
2023-03-10,20152.6,1426.56,277.22,18.164,0.3699,0.06574,0.31481,0.05734,,6.215
2023-03-11,20454.7,1471.67,275.95,18.078,0.36361,0.06607,0.30508,0.05878,,6.159
2023-03-12,21995.2,1579.71,288.1,20.198,0.37133,0.07046,0.32976,0.0646,,6.551
2023-03-13,24116.0,1674.26,307.88,20.402,0.37233,0.07278,0.3434,0.06696,,6.762
2023-03-14,24676.0,1699.4,308.5,20.865,0.37241,0.07455,0.34308,0.06697,,6.961
2023-03-15,24279.9,1650.05,306.31,19.246,0.35887,0.06964,0.32413,0.06517,,6.549
2023-03-16,25005.4,1673.54,329.31,19.682,0.36478,0.07255,0.32491,0.06513,,6.658
2023-03-17,27395.6,1789.66,338.9,21.601,0.3799,0.07647,0.34946,0.06765,,7.209
2023-03-18,26905.0,1758.8,331.16,21.196,0.37388,0.07297,0.33714,0.06579,,6.922
2023-03-19,27966.6,1781.08,336.57,21.859,0.3858,0.07451,0.34481,0.06651,,7.081
2023-03-20,27718.5,1732.52,332.38,22.124,0.37347,0.07137,0.33219,0.06501,,7.05
2023-03-21,28108.8,1801.53,334.47,22.534,0.46936,0.0766,0.36958,0.06701,,7.369
2023-03-22,27249.6,1734.31,321.24,21.419,0.42121,0.07385,0.35968,0.0598,,7.174
2023-03-23,28293.7,1813.59,329.49,22.18,0.44379,0.07737,0.37169,0.06524,,7.606
2023-03-24,27452.4,1749.9,321.89,20.666,0.42588,0.0745,0.3596,0.06343,,7.191
2023-03-25,27462.4,1742.25,322.43,20.414,0.44303,0.07403,0.35132,0.06366,,7.077
2023-03-26,27969.9,1774.09,328.52,20.939,0.44787,0.07438,0.35573,0.06413,,7.26
2023-03-27,27127.0,1715.08,310.67,19.904,0.47894,0.07289,0.3455,0.06356,,6.871
2023-03-28,27265.6,1772.61,313.3,20.455,0.51452,0.07384,0.36801,0.0642,,6.948
2023-03-29,28349.3,1793.18,313.89,21.099,0.54255,0.07556,0.38118,0.06434,,7.385
2023-03-30,28027.2,1793.53,316.4,20.548,0.53205,0.07422,0.3761,0.06482,,7.23
2023-03-31,28466.3,1821.71,317.03,21.168,0.53764,0.07694,0.3989,0.06554,,7.589
2023-04-01,28457.0,1820.78,314.92,21.082,0.50953,0.08181,0.39189,0.06646,,7.549
2023-04-02,28168.6,1794.57,313.92,20.521,0.51824,0.07904,0.3815,0.06519,,7.257
2023-04-03,27801.0,1810.29,308.75,20.454,0.49587,0.09599,0.38717,0.06577,,7.243
2023-04-04,28168.8,1870.34,310.84,20.916,0.50272,0.09513,0.38948,0.06576,,7.37
2023-04-05,28169.5,1908.48,313.94,20.968,0.50555,0.09268,0.39235,0.06617,,7.321
2023-04-06,28034.8,1872.6,312.14,20.616,0.50279,0.08544,0.38304,0.06608,,7.2
2023-04-07,27906.6,1864.01,310.37,20.45,0.51263,0.08224,0.38353,0.06604,,7.264
2023-04-08,27940.0,1848.85,310.56,20.043,0.50488,0.08136,0.38525,0.06612,,7.129
2023-04-09,28318.9,1858.74,312.67,20.287,0.50531,0.08319,0.38937,0.06661,,7.203
2023-04-10,29635.9,1910.12,318.49,20.899,0.51755,0.08474,0.39715,0.06731,,7.341
2023-04-11,30199.1,1889.87,322.39,22.978,0.5165,0.0841,0.40141,0.06633,,7.299
2023-04-12,29887.4,1917.6,320.01,23.805,0.50469,0.08341,0.40475,0.06513,,7.229
2023-04-13,30380.6,2011.69,324.64,24.424,0.51203,0.0873,0.42523,0.06524,,7.46
2023-04-14,30467.6,2099.25,328.91,24.72,0.52263,0.08865,0.43787,0.06619,,7.742
2023-04-15,30294.1,2090.64,333.05,24.055,0.51943,0.08887,0.45225,0.06594,,8.007
2023-04-16,30308.5,2118.81,347.8,25.343,0.52084,0.0904,0.45114,0.06657,,8.136
2023-04-17,29427.8,2074.61,339.79,24.573,0.51075,0.09137,0.43419,0.06575,,8.154
2023-04-18,30380.2,2103.64,343.17,24.829,0.5325,0.09412,0.44332,0.06683,,8.571
2023-04-19,28804.3,1934.18,322.45,22.668,0.49102,0.08788,0.41633,0.06562,,7.754
2023-04-20,28245.5,1942.65,318.0,22.198,0.4752,0.08392,0.40058,0.06541,,7.514
2023-04-21,27260.4,1848.93,321.3,21.259,0.44889,0.07844,0.38259,0.06495,,7.114
2023-04-22,27811.4,1873.94,331.92,21.794,0.47198,0.0803,0.39561,0.0661,,7.172
2023-04-23,27588.2,1861.98,330.56,21.467,0.46477,0.07878,0.38866,0.0667,,7.084
2023-04-24,27508.1,1842.09,331.31,21.373,0.46086,0.07875,0.38351,0.06609,,7.071
2023-04-25,28296.5,1866.19,338.38,21.935,0.46947,0.07975,0.39453,0.06584,,7.276
2023-04-26,28412.8,1865.93,330.62,21.281,0.46183,0.0786,0.40138,0.06509,,7.007
2023-04-27,29473.3,1908.4,330.75,22.328,0.46658,0.08012,0.40996,0.06576,,7.171
2023-04-28,29310.1,1890.91,324.22,23.346,0.47952,0.08032,0.40434,0.06666,,7.039
2023-04-29,29228.9,1907.81,321.93,23.184,0.478,0.08155,0.40251,0.06799,,7.186
2023-04-30,29239.8,1869.67,337.16,22.734,0.47042,0.07949,0.39552,0.06715,,7.022
2023-05-01,28073.1,1830.43,328.42,21.961,0.46485,0.07883,0.38665,0.06855,,6.899
2023-05-02,28666.0,1869.75,321.74,22.251,0.46449,0.07875,0.3917,0.06922,,6.985
2023-05-03,29033.8,1905.0,325.85,22.228,0.46327,0.07962,0.394,0.06927,,7.13
2023-05-04,28842.0,1877.36,323.79,21.731,0.46086,0.07839,0.38734,0.0694,,6.997
2023-05-05,29507.8,1993.19,326.56,22.815,0.46694,0.08017,0.39425,0.07092,,7.228
2023-05-06,28848.4,1896.16,321.96,21.919,0.45824,0.07674,0.37891,0.07022,,6.922
2023-05-07,28425.2,1869.99,320.81,21.656,0.44913,0.07651,0.37602,0.06921,,6.907
2023-05-08,27666.1,1847.28,313.68,20.64,0.42827,0.0724,0.36534,0.06849,,6.582
2023-05-09,27629.0,1846.73,312.23,20.665,0.4287,0.07312,0.36334,0.06907,,6.52
2023-05-10,27598.8,1841.1,314.47,20.928,0.43015,0.07315,0.36938,0.06937,,6.589
2023-05-11,26968.0,1794.38,307.64,20.176,0.42063,0.07193,0.35986,0.0677,,6.36
2023-05-12,26794.0,1807.37,308.55,20.906,0.43044,0.07235,0.37031,0.06908,,6.621
2023-05-13,26770.9,1795.2,310.83,20.842,0.42408,0.07166,0.36451,0.06934,,6.489
2023-05-14,26915.7,1799.15,312.1,20.943,0.42532,0.07198,0.37094,0.0694,,6.546
2023-05-15,27164.6,1816.21,313.51,20.99,0.42719,0.07191,0.36682,0.07028,,6.637
2023-05-16,27034.0,1824.3,311.3,20.669,0.44249,0.07273,0.36816,0.07053,,6.658
2023-05-17,27405.3,1822.29,314.34,21.048,0.44843,0.07482,0.37566,0.07119,,6.755
2023-05-18,26818.6,1800.75,309.0,20.345,0.4595,0.07345,0.37142,0.07017,,6.531
2023-05-19,26885.3,1812.4,308.97,20.358,0.46739,0.0735,0.36799,0.07069,,6.508
2023-05-20,27104.6,1819.46,310.73,20.277,0.46848,0.07363,0.36621,0.07258,,6.504
2023-05-21,26745.6,1805.0,306.45,19.612,0.45752,0.07212,0.36026,0.07505,,6.43
2023-05-22,26847.6,1817.43,309.15,19.522,0.46168,0.0729,0.3679,0.07798,,6.531
2023-05-23,27225.4,1854.16,313.49,20.026,0.46509,0.07286,0.37035,0.07848,,6.505
2023-05-24,26327.8,1800.01,305.94,19.208,0.45301,0.07065,0.36403,0.07688,,6.319
2023-05-25,26472.8,1805.44,304.71,19.256,0.45386,0.07089,0.3581,0.07677,,6.279
2023-05-26,26704.3,1827.39,306.8,19.355,0.46835,0.07098,0.36259,0.0754,,6.345
2023-05-27,26855.4,1829.7,307.56,20.421,0.47158,0.07256,0.36676,0.07716,,6.438
2023-05-28,28069.2,1909.29,314.32,20.803,0.48212,0.07354,0.38273,0.07743,,6.633
2023-05-29,27737.4,1892.64,311.79,20.575,0.49438,0.07312,0.37877,0.07613,,6.641
2023-05-30,27696.3,1901.05,311.42,21.249,0.52065,0.0723,0.37779,0.0764,,6.614
2023-05-31,27210.0,1873.51,306.74,20.821,0.5168,0.07166,0.3742,0.07525,,6.485
2023-06-01,26818.2,1861.6,304.99,20.498,0.50648,0.07143,0.36438,0.07476,,6.343
2023-06-02,27241.5,1906.34,307.31,21.253,0.52448,0.07257,0.37814,0.08262,,6.453
2023-06-03,27069.2,1892.1,306.63,21.185,0.51884,0.07269,0.37602,0.08178,,6.423
2023-06-04,27118.1,1889.76,305.15,21.822,0.53578,0.07248,0.37742,0.0814,,6.452
2023-06-05,25727.8,1810.31,276.96,20.007,0.50893,0.06645,0.35135,0.07835,,6.054
2023-06-06,27234.9,1883.96,281.06,20.382,0.52985,0.07025,0.35302,0.07821,,6.261
2023-06-07,26340.2,1832.12,259.23,18.638,0.51822,0.06727,0.32211,0.07675,,5.919
2023-06-08,26500.8,1845.89,261.97,18.883,0.52365,0.06796,0.32275,0.07741,,5.995
2023-06-09,26482.9,1840.75,260.65,17.39,0.53788,0.06947,0.29499,0.072,,5.993
2023-06-10,25839.6,1751.59,238.81,15.617,0.50669,0.06176,0.27483,0.06961,,5.231
2023-06-11,25929.2,1752.82,235.25,15.544,0.52086,0.0615,0.27193,0.07026,,5.177
2023-06-12,25904.7,1742.58,231.34,15.186,0.52496,0.06143,0.27486,0.07117,,5.16
2023-06-13,25938.1,1740.27,244.21,15.041,0.51914,0.06176,0.27509,0.07192,,5.3
2023-06-14,25129.1,1651.08,237.84,14.487,0.48005,0.06038,0.26332,0.07102,,5.25
2023-06-15,25597.5,1666.5,236.41,14.774,0.48003,0.06154,0.26194,0.07099,,5.313
2023-06-16,26345.8,1717.7,239.35,15.317,0.47571,0.06219,0.26318,0.07054,,5.32
2023-06-17,26515.5,1727.67,244.56,15.645,0.47942,0.06219,0.26671,0.07166,,5.282
2023-06-18,26345.5,1721.14,244.18,15.441,0.4869,0.0621,0.26091,0.07016,,5.157
2023-06-19,26845.1,1736.93,243.04,16.109,0.4933,0.06244,0.26334,0.07,,5.133
2023-06-20,28303.3,1791.94,247.91,16.643,0.49278,0.06315,0.27049,0.07058,,5.267
2023-06-21,29998.1,1889.26,248.94,17.24,0.50023,0.06562,0.28614,0.07232,,5.559
2023-06-22,29888.0,1871.99,240.85,16.634,0.49384,0.06555,0.28997,0.07227,,5.558
2023-06-23,30690.2,1892.68,244.36,17.143,0.49598,0.06822,0.29661,0.07316,,6.07
2023-06-24,30530.0,1874.91,236.3,16.632,0.48656,0.06668,0.2893,0.07219,,6.138
2023-06-25,30467.5,1898.85,238.91,16.967,0.49037,0.06673,0.29205,0.07316,,6.159
2023-06-26,30267.6,1858.84,236.1,16.267,0.47903,0.06477,0.28052,0.07382,,6.056
2023-06-27,30692.9,1889.61,237.44,16.625,0.48378,0.06558,0.2865,0.07434,,6.202
2023-06-28,30073.0,1828.14,230.56,15.967,0.46485,0.06256,0.26681,0.07374,,5.811
2023-06-29,30453.5,1852.4,233.13,18.001,0.47463,0.06344,0.27526,0.07446,,5.893
2023-06-30,30475.5,1933.6,240.35,18.857,0.47302,0.06644,0.28679,0.07619,,6.308
2023-07-01,30588.1,1924.3,247.87,18.696,0.47318,0.06851,0.29239,0.07726,,6.506
2023-07-02,30615.6,1937.61,246.56,19.459,0.48453,0.068,0.29175,0.07604,,6.54
2023-07-03,31161.0,1955.54,246.44,19.273,0.48906,0.06844,0.29677,0.07732,,6.627
2023-07-04,30765.9,1935.96,242.32,19.142,0.48704,0.06891,0.29223,0.07701,,6.519
2023-07-05,30505.0,1910.28,238.93,18.992,0.47764,0.06698,0.284,0.07708,,6.3
2023-07-06,29893.0,1846.07,232.21,19.595,0.46222,0.06486,0.27852,0.07709,,6.079
2023-07-07,30344.8,1871.0,235.63,21.495,0.46862,0.06541,0.28449,0.07884,,6.155
2023-07-08,30286.3,1865.23,236.21,21.815,0.47043,0.06573,0.29058,0.08009,,6.199
2023-07-09,30162.8,1862.71,234.1,21.329,0.46808,0.06535,0.28446,0.07747,,6.15
2023-07-10,30414.2,1880.4,246.12,21.29,0.47782,0.06524,0.28788,0.07754,,6.168
2023-07-11,30622.0,1878.31,248.46,22.059,0.4752,0.06527,0.29281,0.07735,,6.208
2023-07-12,30381.5,1871.91,243.85,21.941,0.47101,0.06503,0.28905,0.07783,,6.25
2023-07-13,31454.5,2004.29,256.22,26.019,0.81544,0.07043,0.35748,0.08176,,7.13
2023-07-14,30310.1,1937.5,248.02,26.674,0.71805,0.06848,0.32775,0.07989,,6.956
2023-07-15,30291.8,1931.0,251.05,27.46,0.71446,0.07195,0.32603,0.08085,,6.918
2023-07-16,30231.3,1922.24,242.34,27.412,0.74716,0.06952,0.31454,0.07978,,6.606
2023-07-17,30136.3,1911.17,244.24,26.793,0.73745,0.06982,0.31178,0.07996,,7.188
2023-07-18,29858.0,1897.46,240.37,25.547,0.7779,0.06867,0.30938,0.07978,,6.913
2023-07-19,29911.8,1888.51,241.02,26.315,0.81994,0.07004,0.32266,0.08027,,6.913
2023-07-20,29808.3,1891.59,242.91,25.382,0.79443,0.07062,0.31587,0.08072,,8.36
2023-07-21,29900.4,1891.76,243.8,25.502,0.77122,0.0732,0.31286,0.08039,,8.133
2023-07-22,29787.5,1866.12,241.11,24.521,0.73297,0.07049,0.3101,0.08389,,7.881
2023-07-23,30082.8,1888.7,242.46,24.76,0.73845,0.07181,0.31714,0.0834,,7.889
2023-07-24,29177.4,1849.84,238.98,23.371,0.7021,0.07418,0.30515,0.08148,,7.59
2023-07-25,29226.6,1857.75,237.73,23.275,0.70894,0.08182,0.30367,0.08189,,7.394
2023-07-26,29351.1,1872.03,238.97,25.183,0.71619,0.07797,0.30688,0.08243,,7.745
2023-07-27,29222.1,1861.45,240.68,25.089,0.71388,0.07763,0.30773,0.08265,,7.989
2023-07-28,29314.8,1874.0,241.84,24.811,0.71199,0.07717,0.3098,0.0851,,7.774
2023-07-29,29352.1,1880.39,242.47,25.158,0.71221,0.08025,0.31291,0.08322,,7.843
2023-07-30,29282.1,1861.88,242.59,24.259,0.70466,0.07804,0.31574,0.08001,,7.556
2023-07-31,29233.3,1856.63,240.95,23.726,0.6977,0.07786,0.30713,0.07791,,7.549
2023-08-01,29707.1,1873.58,247.66,24.059,0.70724,0.07814,0.31024,0.07865,,7.633
2023-08-02,29184.6,1840.04,240.53,23.15,0.68513,0.07423,0.29939,0.0763,,7.352
2023-08-03,29192.4,1836.04,240.99,22.635,0.66303,0.07358,0.2923,0.07716,,7.124
2023-08-04,29112.9,1830.2,241.65,22.805,0.63562,0.07348,0.29345,0.0768,,7.144
2023-08-05,29072.0,1836.51,243.16,22.657,0.62892,0.07572,0.29368,0.07756,,7.229
2023-08-06,29086.8,1830.46,243.14,23.196,0.62431,0.07427,0.2923,0.07696,,7.104
2023-08-07,29214.3,1829.29,242.05,23.119,0.62344,0.07354,0.29096,0.07685,,7.327
2023-08-08,29773.2,1856.14,245.14,24.228,0.64174,0.07496,0.2974,0.07681,,7.46
2023-08-09,29583.9,1855.42,243.9,24.387,0.64337,0.07541,0.30125,0.07677,,7.678
2023-08-10,29455.2,1852.49,241.38,24.622,0.63315,0.07586,0.29633,0.07737,,7.614
2023-08-11,29429.6,1848.2,239.79,24.625,0.63176,0.07573,0.29337,0.07723,,7.492
2023-08-12,29430.1,1850.0,240.25,24.912,0.62775,0.07669,0.29202,0.07753,,7.443
2023-08-13,29302.0,1840.91,240.06,24.221,0.62592,0.07479,0.28958,0.07711,,7.374
2023-08-14,29432.0,1845.8,240.46,25.187,0.63417,0.07471,0.29066,0.07747,,7.413
2023-08-15,29201.4,1829.14,236.81,23.903,0.61033,0.07094,0.28206,0.07635,,7.048
2023-08-16,28730.8,1807.79,232.04,22.821,0.58896,0.06721,0.27477,0.07468,,6.761
2023-08-17,26621.0,1680.97,218.07,21.666,0.50627,0.06103,0.25519,0.07262,,6.194
2023-08-18,26055.6,1661.78,216.12,21.345,0.5061,0.06325,0.26376,0.07298,,6.174
2023-08-19,26101.8,1670.17,216.79,21.894,0.51993,0.06378,0.26875,0.07411,,6.18
2023-08-20,26190.8,1685.2,216.55,21.775,0.53854,0.06383,0.2704,0.07594,,6.219
2023-08-21,26128.1,1667.75,210.47,21.19,0.52433,0.06251,0.26279,0.07509,,6.178
2023-08-22,26056.7,1635.21,210.83,20.582,0.52095,0.06259,0.25859,0.07549,,6.113
2023-08-23,26436.1,1679.29,216.61,21.729,0.52995,0.06381,0.26802,0.07762,,6.352
2023-08-24,26179.9,1661.18,219.05,21.06,0.51873,0.06308,0.26583,0.07661,,6.086
2023-08-25,26061.6,1653.99,218.38,20.422,0.52566,0.06311,0.26122,0.07725,,6.013
2023-08-26,26022.2,1647.24,216.37,20.286,0.523,0.06289,0.26095,0.07746,,6.008
2023-08-27,26102.0,1658.34,218.32,20.793,0.52359,0.06317,0.26337,0.07757,,6.031
2023-08-28,26116.1,1653.23,218.7,20.565,0.52305,0.06344,0.26765,0.07636,,5.982
2023-08-29,27720.1,1729.46,226.79,21.791,0.53978,0.06639,0.27277,0.07733,,6.194
2023-08-30,27299.9,1705.5,223.75,20.816,0.52827,0.06587,0.26548,0.07566,,5.927
2023-08-31,25938.6,1645.81,216.55,19.737,0.51094,0.06381,0.25541,0.07674,,5.875
2023-09-01,25806.3,1629.11,213.59,19.326,0.4979,0.06389,0.25508,0.07608,,5.94
2023-09-02,25870.7,1637.34,214.35,19.492,0.49886,0.06347,0.25613,0.07699,,5.969
2023-09-03,25971.9,1635.93,214.35,19.569,0.50464,0.06318,0.25584,0.07702,,6.03
2023-09-04,25827.3,1630.68,215.23,19.529,0.50854,0.06324,0.25618,0.07752,,6.015
2023-09-05,25791.9,1634.47,214.54,20.265,0.50549,0.06403,0.25779,0.07747,,6.138
2023-09-06,25761.4,1632.93,215.14,19.634,0.50323,0.06365,0.25777,0.07895,,6.302
2023-09-07,26259.8,1648.12,217.1,19.91,0.50498,0.06365,0.25783,0.07917,,6.389
2023-09-08,25915.3,1636.52,214.62,19.606,0.50482,0.06371,0.25439,0.07918,,6.281
2023-09-09,25905.5,1636.01,214.2,19.444,0.50383,0.0634,0.25331,0.07917,,6.162
2023-09-10,25841.1,1617.24,212.35,18.232,0.4969,0.06132,0.24898,0.07832,,6.015
2023-09-11,25165.5,1552.0,206.25,17.73,0.47427,0.06048,0.24211,0.07755,,5.829
2023-09-12,25843.7,1592.96,210.73,17.916,0.48023,0.06088,0.24548,0.08075,,5.958
2023-09-13,26222.0,1607.63,212.53,18.387,0.48311,0.06127,0.24863,0.0812,,6.019
2023-09-14,26527.8,1626.48,212.13,18.851,0.48924,0.06207,0.25128,0.08375,,6.154
2023-09-15,26603.1,1641.36,214.01,19.145,0.5004,0.0625,0.25057,0.08403,,6.367
2023-09-16,26564.2,1634.3,214.81,19.117,0.4998,0.06214,0.25033,0.08353,,6.279
2023-09-17,26528.3,1622.64,216.39,18.812,0.49252,0.06148,0.24709,0.08335,,6.146
2023-09-18,26760.3,1637.0,215.93,19.65,0.50301,0.062,0.2516,0.08388,,6.566
2023-09-19,27209.9,1643.3,217.1,20.027,0.51378,0.06269,0.25479,0.08456,,6.846
2023-09-20,27120.3,1622.0,214.33,20.311,0.52112,0.06261,0.25173,0.08446,,6.905
2023-09-21,26566.1,1583.97,210.79,19.455,0.50705,0.06132,0.24511,0.08305,,6.663
2023-09-22,26579.9,1593.09,211.03,19.43,0.51232,0.06152,0.24495,0.08334,,6.956
2023-09-23,26576.2,1593.79,210.42,19.479,0.50763,0.06152,0.24614,0.08364,,7.189
2023-09-24,26248.5,1580.46,208.19,19.355,0.50212,0.06069,0.24279,0.08362,,6.983
2023-09-25,26302.7,1588.16,209.95,19.399,0.5054,0.06096,0.2459,0.08469,,7.492
2023-09-26,26220.3,1593.75,212.56,19.028,0.50176,0.06063,0.24542,0.08474,,7.361
2023-09-27,26371.9,1598.55,212.08,19.138,0.49933,0.06054,0.24459,0.0855,,7.643
2023-09-28,27023.7,1652.82,215.04,19.963,0.50968,0.0615,0.24883,0.08679,,7.809
2023-09-29,26909.9,1667.47,215.11,20.28,0.52142,0.06213,0.24934,0.08912,,7.947
2023-09-30,26961.7,1670.88,214.65,21.358,0.51487,0.06208,0.25394,0.08857,,8.189
2023-10-01,27995.2,1733.67,218.06,23.888,0.52412,0.0632,0.26587,0.09011,,8.051
2023-10-02,27497.2,1662.58,214.54,23.384,0.51222,0.06201,0.25911,0.08744,,7.464
2023-10-03,27425.8,1656.91,213.37,23.605,0.53884,0.06139,0.26102,0.09068,,7.413
2023-10-04,27782.0,1646.98,213.32,23.125,0.53261,0.06146,0.25901,0.08892,,7.673
2023-10-05,27410.0,1611.78,210.6,22.691,0.52265,0.06085,0.26015,0.08825,,7.465
2023-10-06,27932.0,1645.21,213.35,23.401,0.52536,0.06139,0.26464,0.08719,,7.64
2023-10-07,27956.0,1634.11,212.21,23.297,0.52166,0.06144,0.25847,0.08809,,7.523
2023-10-08,27920.0,1632.78,211.35,23.228,0.51745,0.06096,0.25632,0.08805,,7.673
2023-10-09,27588.0,1579.75,205.79,22.087,0.50261,0.05874,0.25135,0.08614,,7.275
2023-10-10,27388.7,1567.76,208.52,22.118,0.49643,0.05913,0.24908,0.08621,,7.26
2023-10-11,26878.9,1566.99,206.55,22.01,0.48892,0.05852,0.24812,0.08605,,7.394
2023-10-12,26761.3,1539.75,205.24,21.299,0.48293,0.0579,0.24603,0.08485,,7.199
2023-10-13,26864.9,1552.26,205.99,21.843,0.48505,0.05842,0.24588,0.08551,,7.255
2023-10-14,26852.5,1554.73,206.52,21.993,0.48658,0.05983,0.24694,0.08503,,7.326
2023-10-15,27153.0,1557.56,209.75,21.928,0.48737,0.0593,0.24732,0.08671,,7.427
2023-10-16,28503.6,1599.67,214.67,23.953,0.49762,0.06001,0.2513,0.08887,,7.525
2023-10-17,28394.0,1564.62,211.49,23.929,0.49103,0.05904,0.24637,0.08855,,7.32
2023-10-18,28322.0,1563.35,210.27,23.411,0.48779,0.05859,0.24297,0.08913,,7.355
2023-10-19,28717.8,1566.7,211.18,24.923,0.51976,0.05887,0.24694,0.09,,7.304
2023-10-20,29667.8,1604.0,212.04,27.025,0.51492,0.05988,0.25127,0.09074,,7.572
2023-10-21,29912.8,1628.8,214.13,29.326,0.52105,0.06118,0.25864,0.09159,,8.911
2023-10-22,29994.6,1663.58,217.78,29.05,0.52264,0.06168,0.26384,0.09039,,10.19
2023-10-23,33074.4,1765.63,228.56,31.9,0.54758,0.06743,0.28075,0.09222,,10.581
2023-10-24,33923.6,1785.16,225.16,30.159,0.55861,0.0666,0.27923,0.09236,,10.376
2023-10-25,34493.9,1787.11,222.11,32.439,0.55527,0.06832,0.28076,0.09353,,11.061
2023-10-26,34153.2,1803.38,223.23,32.774,0.5535,0.07185,0.28711,0.09286,,10.926
2023-10-27,33892.0,1779.46,224.11,31.724,0.54297,0.06776,0.28926,0.09355,,11.181
2023-10-28,34079.3,1776.11,225.69,31.637,0.54458,0.06901,0.29097,0.09434,,10.923
2023-10-29,34522.8,1795.1,227.02,32.829,0.55601,0.06935,0.29525,0.09489,,11.082
2023-10-30,34482.6,1808.95,227.98,34.938,0.57794,0.06958,0.30298,0.09558,,11.221
2023-10-31,34638.6,1814.9,226.29,38.403,0.59936,0.06826,0.29315,0.09715,,11.351
2023-11-01,35423.2,1846.66,228.15,41.153,0.60866,0.06893,0.30724,0.10017,,11.637
2023-11-02,34943.9,1800.82,231.84,40.24,0.60545,0.0679,0.32303,0.09919,,11.007
2023-11-03,34714.9,1832.45,230.32,39.461,0.61201,0.0681,0.32914,0.09721,,11.461
2023-11-04,35065.0,1855.6,237.2,42.398,0.61502,0.06908,0.32789,0.09767,,11.502
2023-11-05,35011.7,1892.16,244.0,41.156,0.66065,0.07108,0.34181,0.09807,,12.23
2023-11-06,35047.2,1900.98,255.09,42.139,0.71472,0.07638,0.36254,0.0977,,12.987
2023-11-07,35399.8,1885.29,246.24,42.937,0.68506,0.0734,0.35121,0.09657,,13.04
2023-11-08,35625.3,1888.47,246.59,43.122,0.6871,0.07535,0.35772,0.09834,,14.926
2023-11-09,36701.3,2121.01,251.67,45.273,0.66662,0.07355,0.36825,0.09891,,14.599
2023-11-10,37303.3,2077.96,251.1,56.69,0.6596,0.0754,0.3858,0.10629,,15.488
2023-11-11,37131.4,2053.17,251.3,56.35,0.6627,0.07851,0.3844,0.10803,,16.463
2023-11-12,37063.3,2044.71,247.5,56.27,0.6613,0.07795,0.3833,0.10851,,16.026
2023-11-13,36469.9,2053.7,241.1,51.61,0.6701,0.07456,0.3569,0.10683,,14.352
2023-11-14,35544.4,1979.4,242.3,56.81,0.6294,0.07246,0.3579,0.10225,,13.948
2023-11-15,37856.9,2058.62,253.7,65.47,0.6481,0.07619,0.3787,0.10407,,15.03
2023-11-16,36162.7,1961.86,242.7,57.78,0.6118,0.07946,0.3707,0.10237,,13.873
2023-11-17,36610.0,1960.61,244.9,58.53,0.6132,0.08643,0.3672,0.10373,,13.698
2023-11-18,36575.9,1962.58,244.8,58.56,0.6106,0.08026,0.3773,0.10292,,13.758
2023-11-19,37365.3,2011.44,246.4,61.08,0.6257,0.08044,0.3839,0.10351,,14.908
2023-11-20,37449.4,2021.42,253.1,56.58,0.6122,0.0777,0.3801,0.10094,,14.478
2023-11-21,35739.0,1933.26,225.6,51.69,0.5784,0.07177,0.3565,0.09609,,13.368
2023-11-22,37409.8,2063.26,236.1,57.55,0.6109,0.07574,0.3803,0.10123,,14.208
2023-11-23,37297.0,2062.04,233.7,56.51,0.6208,0.0762,0.3873,0.10209,,14.395
2023-11-24,37718.1,2080.83,232.9,56.85,0.6209,0.07818,0.3862,0.10456,,14.482
2023-11-25,37780.8,2082.99,234.4,58.81,0.6226,0.07892,0.3942,0.10889,,14.758
2023-11-26,37444.1,2062.47,231.7,57.57,0.6158,0.07869,0.3874,0.10776,,14.766
2023-11-27,37244.3,2027.58,227.3,55.06,0.6037,0.07884,0.3778,0.10189,,14.186
2023-11-28,37815.9,2048.24,229.5,58.18,0.6105,0.08085,0.3857,0.10293,,14.527
2023-11-29,37853.3,2028.81,227.3,59.31,0.6091,0.08049,0.3816,0.1035,,14.51
2023-11-30,37727.2,2052.03,227.6,59.3,0.6063,0.08345,0.3758,0.10347,,14.408
2023-12-01,38683.5,2087.41,228.5,59.77,0.6125,0.0839,0.3842,0.10307,,14.987
2023-12-02,39450.1,2164.81,229.1,63.68,0.6207,0.08622,0.3977,0.10321,,15.991
2023-12-03,39972.2,2193.2,228.0,62.98,0.6229,0.08569,0.3949,0.10312,,15.703
2023-12-04,41987.2,2243.17,233.5,61.64,0.6246,0.09188,0.4069,0.10388,,15.807
2023-12-05,44070.0,2293.39,231.3,61.04,0.6209,0.09433,0.4257,0.10358,,15.723
2023-12-06,43760.1,2232.62,229.6,61.83,0.64,0.09494,0.4429,0.10476,,15.265
2023-12-07,43273.2,2355.55,232.7,67.76,0.6432,0.09586,0.4556,0.10423,,15.691
2023-12-08,44179.8,2358.93,238.9,74.9,0.672,0.10165,0.5457,0.10667,,16.931
2023-12-09,43720.1,2340.87,237.8,72.28,0.6583,0.09849,0.579,0.1066,,16.193
2023-12-10,43792.2,2352.27,239.8,74.84,0.6618,0.10186,0.5949,0.10784,,16.364
2023-12-11,41250.9,2224.82,246.4,70.25,0.6188,0.09416,0.5506,0.10384,,14.772
2023-12-12,41490.4,2203.38,254.4,68.58,0.619,0.09383,0.5785,0.1036,,14.523
2023-12-13,42869.6,2259.69,252.0,70.62,0.6275,0.0964,0.6674,0.1043,,14.769
2023-12-14,43025.5,2315.18,253.2,75.66,0.6315,0.09832,0.6434,0.10606,,15.371
2023-12-15,41939.1,2220.64,244.7,72.5,0.6154,0.09303,0.6005,0.10154,,14.281
2023-12-16,42273.0,2228.95,244.3,73.73,0.6202,0.09713,0.6082,0.10282,,14.32
2023-12-17,41376.1,2196.59,239.0,70.87,0.6102,0.09293,0.5804,0.10205,,14.016
2023-12-18,42653.9,2219.36,241.7,74.43,0.6126,0.0921,0.6025,0.10092,,14.672
2023-12-19,42279.0,2178.05,252.7,73.04,0.6045,0.09027,0.5762,0.10058,,14.104
2023-12-20,43670.1,2202.44,260.3,82.24,0.6169,0.09151,0.5898,0.10273,,14.251
2023-12-21,43859.8,2239.54,272.1,93.83,0.6239,0.09499,0.6353,0.10463,,15.306
2023-12-22,43970.7,2324.92,271.2,97.87,0.6244,0.09497,0.6226,0.10511,,15.478
2023-12-23,43703.9,2308.12,271.0,107.85,0.6195,0.09343,0.6128,0.10676,,15.679
2023-12-24,42986.1,2263.82,264.4,112.49,0.6122,0.09172,0.592,0.10619,,15.261
2023-12-25,43569.2,2271.01,266.7,120.88,0.6458,0.0943,0.6243,0.10585,,15.583
2023-12-26,42513.2,2230.67,297.7,112.47,0.6219,0.09137,0.6086,0.10305,,15.089
2023-12-27,43431.9,2378.35,324.0,106.95,0.6341,0.09365,0.6332,0.10533,,16.71
2023-12-28,42562.6,2344.17,322.6,101.79,0.6347,0.09175,0.6158,0.10546,,16.002
2023-12-29,42064.1,2299.15,313.6,106.08,0.6228,0.09096,0.6086,0.10561,,15.541
2023-12-30,42147.5,2291.65,317.0,101.87,0.6209,0.08999,0.601,0.10595,,15.17
2023-12-31,42283.0,2282.13,311.8,101.72,0.6154,0.08955,0.5943,0.10761,,14.935
2024-01-01,44186.8,2352.05,313.6,109.93,0.6294,0.09204,0.6232,0.10774,,15.545
2024-01-02,44955.9,2355.59,312.0,106.72,0.6246,0.0911,0.605,0.10828,,15.164
2024-01-03,42839.6,2209.8,315.8,98.55,0.5823,0.08199,0.5569,0.1068,,14.146
2024-01-04,44153.9,2267.54,323.6,104.9,0.5867,0.08397,0.57,0.10694,,14.528
2024-01-05,44145.4,2268.2,317.6,99.93,0.5756,0.08267,0.5414,0.10442,,14.091
2024-01-06,43970.3,2240.78,307.5,93.82,0.568,0.08058,0.5227,0.10388,,13.433
2024-01-07,43929.9,2221.42,302.4,89.43,0.5515,0.07823,0.4945,0.10283,,13.15
2024-01-08,46952.0,2330.79,303.8,97.93,0.5775,0.08128,0.5411,0.10422,,14.14
2024-01-09,46109.3,2344.6,301.2,99.31,0.5671,0.07923,0.5122,0.10279,,13.713
2024-01-10,46645.9,2584.52,305.6,102.04,0.6006,0.08303,0.5661,0.10526,,15.074
2024-01-11,46338.9,2618.01,308.3,99.93,0.6017,0.08457,0.5821,0.10622,,15.016
2024-01-12,42784.0,2522.56,296.7,92.1,0.5697,0.08006,0.5478,0.10688,,14.151
2024-01-13,42848.8,2578.19,302.2,95.88,0.5747,0.08093,0.5491,0.11423,,14.351
2024-01-14,41731.1,2473.14,299.5,93.85,0.5762,0.08003,0.525,0.11122,,14.757
2024-01-15,42525.6,2511.79,317.2,94.38,0.5757,0.08103,0.5274,0.10871,,15.185
2024-01-16,43139.8,2587.59,315.1,97.63,0.5757,0.08134,0.5356,0.10807,,15.269
2024-01-17,42777.1,2530.64,309.5,102.12,0.5686,0.08059,0.5282,0.10842,,15.761
2024-01-18,41326.0,2470.78,313.0,94.41,0.552,0.0781,0.5022,0.10811,,14.656
2024-01-19,41660.0,2491.79,314.6,93.62,0.5443,0.07857,0.5044,0.11049,,16.109
2024-01-20,41693.8,2472.33,317.2,92.87,0.5535,0.08773,0.5161,0.11005,,15.784
2024-01-21,41582.9,2456.96,318.6,91.11,0.5465,0.08544,0.5032,0.10892,,15.398
2024-01-22,39571.0,2314.2,305.9,83.83,0.5274,0.08057,0.4784,0.10931,,14.594
2024-01-23,39900.2,2242.91,298.7,84.33,0.5181,0.07821,0.4774,0.10722,,14.297
2024-01-24,40085.1,2235.0,293.1,88.76,0.5181,0.07904,0.4763,0.10881,,14.236
2024-01-25,39962.6,2218.45,292.0,86.91,0.5136,0.07792,0.4665,0.1121,,13.74
2024-01-26,41819.9,2267.56,302.2,92.27,0.532,0.07986,0.485,0.11447,,14.189
2024-01-27,42120.2,2268.11,305.7,94.29,0.5304,0.08014,0.4861,0.11245,,14.354
2024-01-28,42033.2,2256.85,305.2,95.96,0.5241,0.07881,0.4901,0.11223,,14.48
2024-01-29,43296.9,2317.54,310.7,101.67,0.5352,0.08138,0.5263,0.11304,,15.014
2024-01-30,42941.8,2343.3,307.6,101.41,0.5108,0.07972,0.5139,0.11205,,15.481
2024-01-31,42576.0,2282.99,300.5,96.97,0.5033,0.07875,0.4978,0.11226,,15.432
2024-02-01,43086.8,2303.99,300.1,97.8,0.506,0.07936,0.5077,0.11562,,17.188
2024-02-02,43197.2,2309.22,301.3,100.59,0.5105,0.07928,0.5147,0.11625,,17.827
2024-02-03,43013.6,2296.77,299.6,97.96,0.5186,0.07873,0.5124,0.11724,,17.655
2024-02-04,42590.0,2289.67,304.6,95.48,0.5031,0.07831,0.4931,0.11842,,18.157
2024-02-05,42707.1,2301.92,301.3,95.65,0.5067,0.07834,0.4944,0.11899,,19.152
2024-02-06,43095.5,2372.56,302.9,96.86,0.505,0.07847,0.4982,0.12103,,18.291
2024-02-07,44349.7,2425.32,307.4,101.12,0.5138,0.08015,0.5024,0.12363,,18.817
2024-02-08,45287.5,2419.76,319.1,102.76,0.5146,0.07985,0.5304,0.12191,,18.209
2024-02-09,47132.2,2486.41,324.0,106.94,0.5261,0.08157,0.5404,0.12372,,18.473
2024-02-10,47747.7,2500.19,323.0,108.99,0.5238,0.08142,0.5516,0.12435,,19.084
2024-02-11,48299.9,2507.1,320.7,107.48,0.5262,0.08123,0.5416,0.12421,,20.14
2024-02-12,49920.0,2659.68,327.9,111.66,0.5314,0.08224,0.5592,0.12499,,20.466
2024-02-13,49694.6,2640.16,324.8,112.49,0.5246,0.08107,0.5449,0.12688,,19.87
2024-02-14,51795.6,2774.9,333.8,117.0,0.5378,0.08548,0.5768,0.12959,,20.24
2024-02-15,51880.4,2822.76,354.2,113.51,0.562,0.08529,0.6087,0.13106,,19.934
2024-02-16,52126.7,2801.91,360.4,110.35,0.5642,0.0859,0.5986,0.13286,,19.551
2024-02-17,51646.0,2785.99,352.8,108.92,0.5495,0.08355,0.6094,0.13587,,20.032
2024-02-18,52138.3,2880.81,349.8,112.24,0.5571,0.08518,0.6191,0.13517,,20.115
2024-02-19,51775.6,2944.21,351.5,111.52,0.5627,0.08942,0.6308,0.13636,,19.832
2024-02-20,52265.4,3015.62,354.7,108.31,0.5622,0.08614,0.6218,0.13924,,19.288
2024-02-21,51848.0,2968.0,379.2,105.05,0.5491,0.08458,0.5987,0.13974,,18.595
2024-02-22,51290.0,2971.26,382.6,101.74,0.541,0.0841,0.5858,0.13898,,18.131
2024-02-23,50748.2,2922.4,375.6,99.89,0.5342,0.0845,0.5821,0.13815,,17.925
2024-02-24,51563.6,2992.66,381.8,104.02,0.5449,0.08614,0.5969,0.13742,,18.529
2024-02-25,51731.4,3112.79,388.5,103.47,0.5427,0.08611,0.5912,0.13766,,18.713
2024-02-26,54471.0,3175.94,401.6,109.93,0.5506,0.08921,0.6191,0.13983,,19.083
2024-02-27,57038.6,3242.6,394.7,108.38,0.586,0.09757,0.6238,0.1429,,19.028
2024-02-28,62426.1,3382.91,414.7,119.08,0.5751,0.11582,0.6288,0.1421,,19.433
2024-02-29,61149.9,3340.8,399.5,125.67,0.5867,0.11734,0.6544,0.14046,,19.266
2024-03-01,62376.9,3432.92,407.3,129.35,0.601,0.13925,0.7194,0.14151,,20.047
2024-03-02,62010.0,3421.58,410.9,130.04,0.6443,0.14198,0.7414,0.14125,,21.399
2024-03-03,63112.7,3487.65,414.5,130.16,0.6268,0.15343,0.7279,0.14062,,20.509
2024-03-04,68244.4,3627.45,418.5,133.31,0.6479,0.18196,0.7703,0.14024,,20.424
2024-03-05,63719.5,3553.43,394.1,125.33,0.5916,0.15305,0.6919,0.13592,,18.967
2024-03-06,66078.0,3819.49,429.2,130.82,0.6122,0.15785,0.7349,0.13781,,20.087
2024-03-07,66829.0,3868.6,474.4,143.82,0.627,0.15763,0.7427,0.13713,,20.094
2024-03-08,68125.0,3883.23,485.8,144.79,0.62,0.16461,0.7228,0.13661,,19.699
2024-03-09,68311.6,3905.17,488.4,144.3,0.6199,0.17874,0.7419,0.13579,,19.978
2024-03-10,68953.6,3879.05,528.7,144.42,0.6081,0.17,0.7165,0.13375,,21.675
2024-03-11,72084.4,4065.14,522.9,148.83,0.7225,0.18205,0.7752,0.13379,,21.286
2024-03-12,71450.1,3980.39,537.6,151.05,0.6881,0.16811,0.748,0.13147,,20.698
2024-03-13,73082.7,4005.49,630.4,163.86,0.689,0.16904,0.7638,0.13198,,20.749
2024-03-14,71399.3,3881.99,603.2,176.68,0.6689,0.17725,0.7508,0.1292,,20.88
2024-03-15,69500.0,3742.03,634.2,184.03,0.6341,0.16361,0.7274,0.12641,,19.626
2024-03-16,65308.1,3523.66,576.6,182.06,0.6029,0.14251,0.6594,0.12531,,18.113
2024-03-17,68399.1,3644.27,571.3,201.86,0.6191,0.15425,0.6814,0.1263,,18.667
2024-03-18,67611.9,3521.01,555.2,195.9,0.6452,0.14352,0.6598,0.12415,,18.297
2024-03-19,61936.4,3158.4,507.6,169.85,0.5846,0.12881,0.5861,0.11241,,16.826
2024-03-20,67825.1,3515.63,556.7,191.78,0.6108,0.15211,0.6396,0.12078,,18.413
2024-03-21,65507.9,3492.78,554.0,179.49,0.6405,0.1554,0.6319,0.12121,,18.454
2024-03-22,63801.5,3336.94,553.8,175.15,0.6115,0.15292,0.6146,0.11739,,18.364
2024-03-23,63987.1,3329.38,551.8,172.65,0.6167,0.16188,0.6232,0.11827,,18.065
2024-03-24,67211.9,3455.19,567.8,183.87,0.6328,0.17652,0.6465,0.12019,,18.517
2024-03-25,69869.8,3590.21,586.9,188.97,0.6405,0.17527,0.6566,0.12043,,19.384
2024-03-26,69995.6,3587.93,580.3,190.45,0.6318,0.18225,0.6651,0.12078,,20.012
2024-03-27,69466.4,3502.0,574.3,186.33,0.6119,0.19044,0.6479,0.11939,,19.287
2024-03-28,70785.1,3561.35,583.3,189.64,0.6243,0.22009,0.6504,0.12045,,19.131
2024-03-29,69857.7,3509.87,612.3,192.06,0.63,0.21302,0.6643,0.12,,18.965
2024-03-30,69591.1,3505.97,600.7,194.21,0.6211,0.19912,0.6436,0.12254,,18.935
2024-03-31,71290.5,3645.39,606.7,202.47,0.6291,0.22002,0.6503,0.12298,,19.169
2024-04-01,69652.8,3504.19,576.1,192.24,0.6109,0.20504,0.6211,0.12056,,18.36
2024-04-02,65474.6,3278.95,551.3,181.54,0.5854,0.18252,0.5807,0.11665,,17.953
2024-04-03,65966.7,3311.55,561.7,185.12,0.5742,0.17523,0.5693,0.11716,,17.689
2024-04-04,68500.0,3328.2,585.1,184.09,0.5934,0.18,0.583,0.11918,,17.795
2024-04-05,67833.5,3317.59,578.2,174.39,0.5871,0.17721,0.5741,0.11792,,17.327
2024-04-06,68896.7,3351.51,585.5,178.68,0.5931,0.18575,0.5837,0.11959,,17.564
2024-04-07,69358.0,3454.2,584.0,179.54,0.5945,0.19893,0.5891,0.12056,,17.91
2024-04-08,71633.8,3695.78,586.4,180.67,0.6147,0.20264,0.614,0.12302,,18.106
2024-04-09,69141.9,3506.0,580.5,172.4,0.6141,0.18916,0.5913,0.12107,,17.357
2024-04-10,70635.9,3546.02,609.9,173.31,0.6173,0.19971,0.5863,0.1191,,17.419
2024-04-11,70012.0,3501.08,604.5,172.36,0.6086,0.1938,0.5861,0.12038,,17.554
2024-04-12,67120.7,3237.32,595.5,153.15,0.5468,0.17407,0.5026,0.11484,,15.154
2024-04-13,63928.3,3006.08,553.2,138.44,0.4786,0.15256,0.4451,0.11009,,13.298
2024-04-14,65670.0,3155.0,566.5,151.29,0.5033,0.1621,0.4674,0.11246,,14.098
2024-04-15,63429.7,3102.4,552.7,138.53,0.4976,0.16123,0.4609,0.11151,,13.574
2024-04-16,63796.0,3084.11,537.7,136.23,0.4964,0.15599,0.4586,0.11182,,13.463
2024-04-17,61274.5,2984.87,534.0,131.82,0.495,0.14758,0.4442,0.10971,,13.14
2024-04-18,63480.0,3064.52,552.2,142.06,0.5026,0.15223,0.4579,0.10928,,13.877
2024-04-19,63814.1,3056.21,553.7,142.51,0.5029,0.15633,0.4681,0.10991,,13.934
2024-04-20,64938.1,3155.57,570.8,151.28,0.5288,0.16263,0.5072,0.11111,,14.963
2024-04-21,64937.9,3147.6,579.5,148.82,0.5245,0.15824,0.4994,0.11134,,15.105
2024-04-22,66812.9,3200.08,604.5,156.95,0.5558,0.16123,0.5165,0.11221,,15.446
2024-04-23,66413.9,3219.37,606.0,154.77,0.5446,0.1598,0.5,0.11324,,15.187
2024-04-24,64282.6,3140.61,608.7,147.78,0.5276,0.15145,0.4747,0.11332,,14.54
2024-04-25,64505.7,3156.0,613.3,144.87,0.5253,0.15128,0.4704,0.11726,,14.594
2024-04-26,63774.1,3131.58,597.8,139.25,0.5261,0.14799,0.4632,0.12012,,14.487
2024-04-27,63460.0,3255.8,595.9,141.31,0.518,0.14777,0.4675,0.11971,,14.27
2024-04-28,63122.0,3263.74,600.4,138.0,0.5104,0.14667,0.4601,0.12125,,13.805
2024-04-29,63869.9,3217.69,593.1,137.77,0.5151,0.14341,0.4571,0.11898,,14.068
2024-04-30,60675.1,3014.23,578.3,126.74,0.5007,0.13339,0.4413,0.11963,,13.125
2024-05-01,58341.8,2972.13,561.8,134.61,0.5174,0.1302,0.4502,0.12047,,13.351
2024-05-02,59062.2,2986.19,560.2,137.58,0.5181,0.13192,0.4576,0.12226,,13.587
2024-05-03,62875.9,3102.61,587.3,143.68,0.5315,0.14599,0.4673,0.12269,,14.085
2024-05-04,63894.1,3116.81,585.3,146.05,0.5301,0.16012,0.4632,0.12228,,14.313
2024-05-05,64017.7,3136.64,592.1,145.73,0.5294,0.16097,0.4581,0.12111,,14.374
2024-05-06,63175.6,3062.58,588.1,152.85,0.5401,0.1565,0.4541,0.11866,,14.488
2024-05-07,62318.2,3005.59,576.3,148.05,0.5245,0.15002,0.442,0.12054,,14.002
2024-05-08,61193.9,2974.04,588.3,142.15,0.5172,0.14324,0.4519,0.12295,,13.9
2024-05-09,63069.0,3036.07,596.6,152.54,0.521,0.15218,0.4634,0.12623,,14.23
2024-05-10,60800.2,2909.99,585.6,146.04,0.5021,0.14393,0.4478,0.12744,,13.563
2024-05-11,60826.0,2912.71,592.4,145.42,0.506,0.14307,0.4392,0.12637,,13.306
2024-05-12,61470.1,2929.53,594.8,143.42,0.4993,0.14123,0.4378,0.12737,,13.556
2024-05-13,62934.8,2951.11,591.4,147.54,0.5053,0.14864,0.4367,0.12558,,13.387
2024-05-14,61573.0,2882.45,567.1,142.03,0.5002,0.1455,0.4285,0.12544,,12.977
2024-05-15,66212.7,3032.69,581.1,158.48,0.5189,0.15531,0.4524,0.12635,,13.871
2024-05-16,65235.9,2944.81,569.2,159.36,0.5157,0.14972,0.4595,0.12501,,15.524
2024-05-17,67017.9,3092.01,581.0,169.45,0.5235,0.15551,0.4821,0.12437,,16.241
2024-05-18,66911.0,3123.15,580.5,172.39,0.5212,0.15304,0.4823,0.123,,16.327
2024-05-19,66271.6,3071.21,574.8,169.93,0.5096,0.14908,0.4672,0.12117,,16.563
2024-05-20,71429.7,3660.8,599.9,186.68,0.5379,0.16574,0.5022,0.12448,,17.264
2024-05-21,70144.7,3790.34,618.8,178.18,0.5372,0.17024,0.4948,0.12363,,16.737
2024-05-22,69173.5,3737.98,614.9,177.01,0.5269,0.16629,0.4835,0.12009,,16.353
2024-05-23,67967.5,3783.5,599.3,176.2,0.5288,0.15975,0.4657,0.11539,,16.598
2024-05-24,68559.9,3727.97,600.2,167.69,0.5358,0.16385,0.4599,0.11552,,17.253
2024-05-25,69290.4,3750.01,602.0,168.37,0.5416,0.17396,0.4622,0.11379,,17.442
2024-05-26,68506.3,3826.42,600.1,163.42,0.5283,0.16624,0.4581,0.11317,,17.045
2024-05-27,69416.1,3894.02,603.5,170.14,0.534,0.1691,0.4684,0.11258,,18.788
2024-05-28,68405.9,3844.4,601.5,168.7,0.5287,0.16498,0.4575,0.11121,,18.537
2024-05-29,67647.7,3767.23,595.3,168.31,0.5239,0.16384,0.4513,0.11209,,18.458
2024-05-30,68357.9,3748.39,594.9,166.89,0.5187,0.15945,0.4465,0.11199,,17.943
2024-05-31,67542.5,3762.7,593.8,165.67,0.5175,0.159,0.4471,0.1121,,18.412
2024-06-01,67757.8,3815.76,602.0,166.15,0.5186,0.1603,0.45,0.11259,,18.443
2024-06-02,67767.7,3781.6,603.2,163.16,0.5136,0.15713,0.4467,0.11477,,18.147
2024-06-03,68800.7,3767.4,626.9,164.88,0.5199,0.15837,0.4573,0.11334,,17.636
2024-06-04,70532.3,3810.5,686.2,171.75,0.5256,0.16137,0.4615,0.11447,,17.724
2024-06-05,71112.0,3865.82,699.3,173.55,0.5259,0.16325,0.4612,0.11462,,17.745
2024-06-06,70791.4,3813.8,710.9,170.17,0.5215,0.16017,0.4581,0.1148,,17.253
2024-06-07,69348.0,3678.65,683.7,162.51,0.4989,0.14825,0.4492,0.11274,,16.329
2024-06-08,69311.5,3681.59,682.8,157.83,0.4927,0.14592,0.4367,0.11477,,15.924
2024-06-09,69641.8,3706.31,673.2,162.1,0.4987,0.14678,0.4441,0.11689,,16.377
2024-06-10,69545.0,3668.39,625.1,159.07,0.4969,0.14478,0.4406,0.11768,,15.902
2024-06-11,67314.5,3497.19,602.1,149.29,0.4802,0.13805,0.4218,0.11657,,14.984
2024-06-12,68269.8,3560.47,619.2,155.24,0.4916,0.14619,0.4378,0.1165,,16.007
2024-06-13,66775.7,3469.34,599.7,147.28,0.4769,0.14109,0.421,0.11696,,15.148
2024-06-14,66045.8,3481.42,603.1,143.06,0.4745,0.13498,0.412,0.11649,,14.758
2024-06-15,66223.4,3569.19,608.1,145.51,0.4907,0.13677,0.4139,0.11528,,14.858
2024-06-16,66677.9,3624.32,611.0,151.29,0.4892,0.13714,0.4168,0.11737,,15.143
2024-06-17,66492.1,3511.01,604.2,143.26,0.5047,0.12879,0.4011,0.1168,,14.521
2024-06-18,65177.1,3483.4,588.7,137.39,0.491,0.12224,0.3836,0.11543,,13.978
2024-06-19,64965.8,3560.43,599.3,135.63,0.4932,0.12249,0.3846,0.11582,,14.351
2024-06-20,64880.2,3512.7,587.5,133.58,0.4888,0.12453,0.3843,0.11679,,14.25
2024-06-21,64145.4,3517.85,586.3,134.59,0.489,0.12419,0.3759,0.11837,,13.849
2024-06-22,64263.0,3495.76,590.9,133.7,0.4866,0.12377,0.3845,0.11965,,13.484
2024-06-23,63211.9,3420.88,577.3,128.68,0.4798,0.12222,0.3802,0.11926,,13.193
2024-06-24,60290.6,3351.94,568.1,132.3,0.4741,0.11901,0.3779,0.11909,,13.619
2024-06-25,61806.1,3394.02,578.1,136.56,0.4758,0.12616,0.3917,0.12191,,14.193
2024-06-26,60866.1,3371.5,573.0,136.81,0.4697,0.12277,0.385,0.12271,,13.917
2024-06-27,61706.6,3450.6,581.7,149.69,0.4753,0.1271,0.3912,0.12202,,14.429
2024-06-28,60436.0,3380.32,567.6,140.05,0.4716,0.12309,0.3858,0.1232,,13.782
2024-06-29,60986.7,3378.97,570.1,140.29,0.4727,0.1219,0.3841,0.12552,,13.545
2024-06-30,62774.2,3438.15,582.7,146.62,0.476,0.12446,0.3925,0.12469,,14.281
2024-07-01,62906.3,3442.03,577.1,146.68,0.4771,0.12354,0.4032,0.1278,,14.337
2024-07-02,62145.0,3421.69,579.8,154.01,0.4853,0.1253,0.4184,0.12924,,14.417
2024-07-03,60217.7,3295.65,556.6,140.83,0.4671,0.11848,0.4069,0.12866,,13.589
2024-07-04,57050.0,3060.0,513.6,127.84,0.4329,0.10501,0.362,0.12718,,12.528
2024-07-05,56633.5,2981.94,497.4,134.32,0.4251,0.10543,0.3499,0.12683,,12.308
2024-07-06,58236.4,3066.61,526.3,143.05,0.4488,0.11339,0.3708,0.12997,,13.179
2024-07-07,55862.0,2931.6,490.7,131.64,0.4195,0.10413,0.3464,0.12463,,12.35
2024-07-08,56720.5,3019.4,510.7,139.8,0.4316,0.10762,0.3691,0.12612,,13.123
2024-07-09,58043.1,3066.08,516.9,141.43,0.4357,0.10754,0.3752,0.12997,,12.837
2024-07-10,57720.2,3101.02,524.8,142.01,0.4388,0.10803,0.3887,0.13151,,12.795
2024-07-11,57342.6,3099.71,525.0,135.75,0.4489,0.10665,0.3958,0.13432,,12.347
2024-07-12,57898.1,3134.0,533.9,139.47,0.4745,0.10764,0.4167,0.13733,,12.74
2024-07-13,59209.9,3176.39,532.2,141.9,0.5257,0.11229,0.4414,0.13939,,13.021
2024-07-14,60784.1,3245.53,544.8,147.65,0.5202,0.11532,0.4318,0.13756,,13.445
2024-07-15,64726.7,3483.75,585.0,159.36,0.5372,0.12492,0.4451,0.13733,,14.39
2024-07-16,65046.5,3444.4,576.0,160.62,0.5793,0.12482,0.4382,0.13403,,14.208
2024-07-17,64086.0,3387.4,568.8,155.51,0.626,0.12178,0.4361,0.13351,,13.734
2024-07-18,63991.2,3426.6,572.1,159.21,0.5696,0.11955,0.4236,0.13451,,13.594
2024-07-19,66659.9,3504.2,593.3,169.13,0.5733,0.12541,0.4389,0.13468,,14.076
2024-07-20,67137.7,3517.35,593.1,173.59,0.5938,0.13422,0.4373,0.1347,,14.249
2024-07-21,68163.9,3535.46,602.3,184.48,0.5983,0.14022,0.4467,0.13431,,14.816
2024-07-22,67524.6,3439.6,587.3,178.88,0.6079,0.13777,0.4262,0.13237,,13.936
2024-07-23,65938.4,3482.42,582.0,173.03,0.5975,0.13031,0.41,0.13412,,13.905
2024-07-24,65373.6,3336.01,575.0,178.06,0.618,0.12796,0.4064,0.13432,,13.404
2024-07-25,65801.9,3175.0,570.8,171.86,0.5996,0.12528,0.3946,0.13557,,12.938
2024-07-26,67908.9,3274.61,580.9,183.06,0.6032,0.13421,0.4173,0.13746,,13.53
2024-07-27,67897.1,3249.19,581.4,183.96,0.5957,0.13145,0.4176,0.13726,,13.55
2024-07-28,68239.5,3270.01,584.0,184.91,0.6012,0.13005,0.4073,0.13858,,13.306
2024-07-29,66786.1,3318.11,574.3,182.56,0.6018,0.12845,0.4032,0.1375,,13.53
2024-07-30,66190.1,3279.1,588.1,179.13,0.6278,0.12551,0.4014,0.1331,,13.134
2024-07-31,64630.0,3232.7,576.6,171.69,0.6231,0.12195,0.3883,0.12866,,12.834
2024-08-01,65356.0,3203.1,575.1,167.37,0.5964,0.11895,0.3926,0.12827,,12.891
2024-08-02,61489.9,2989.61,543.1,152.74,0.5606,0.11155,0.3636,0.12363,,11.92
2024-08-03,60710.0,2903.79,529.5,142.52,0.5559,0.10813,0.3647,0.12543,,11.683
2024-08-04,58160.1,2689.15,496.9,138.32,0.5229,0.10375,0.344,0.12632,,10.887
2024-08-05,54018.0,2419.73,464.3,129.78,0.4889,0.09434,0.3118,0.12153,,9.486
2024-08-06,56022.0,2461.21,484.9,144.45,0.506,0.09643,0.331,0.12345,,10.066
2024-08-07,55142.7,2343.18,474.3,144.79,0.6003,0.0956,0.324,0.12467,,9.494
2024-08-08,61686.1,2682.41,517.1,163.19,0.6165,0.10747,0.3515,0.12709,,10.746
2024-08-09,60838.2,2598.82,508.9,156.29,0.5807,0.10386,0.3482,0.12834,,10.533
2024-08-10,60921.3,2610.0,523.1,154.04,0.5842,0.10519,0.3457,0.12903,,10.556
2024-08-11,58711.7,2555.7,503.6,141.56,0.5529,0.10057,0.3277,0.1277,,9.998
2024-08-12,59348.0,2722.79,518.5,146.31,0.5683,0.10791,0.3392,0.12675,,10.55
2024-08-13,60584.6,2702.04,524.1,146.67,0.5769,0.10636,0.34,0.12876,,10.58
2024-08-14,58686.9,2661.19,523.4,143.68,0.5687,0.10241,0.3355,0.1304,,10.394
2024-08-15,57544.0,2570.09,519.1,142.58,0.5607,0.1002,0.3249,0.13014,,10.165
2024-08-16,58880.4,2592.89,519.6,139.06,0.5637,0.10035,0.3302,0.13412,,10.128
2024-08-17,59499.7,2614.51,541.7,141.92,0.5665,0.10279,0.3372,0.13481,,10.158
2024-08-18,58434.7,2612.19,531.1,142.39,0.5632,0.10005,0.3343,0.13513,,10.08
2024-08-19,59443.8,2636.14,558.8,144.26,0.5984,0.1013,0.3367,0.14333,,10.185
2024-08-20,59006.5,2572.81,569.6,142.28,0.5937,0.10287,0.3432,0.1615,,10.239
2024-08-21,61156.0,2630.66,570.2,142.77,0.6002,0.10617,0.369,0.15388,,11.21
2024-08-22,60380.0,2623.02,583.1,143.23,0.5976,0.10525,0.3762,0.15548,,11.475
2024-08-23,64048.1,2762.59,591.3,153.25,0.6109,0.11291,0.3914,0.15837,,12.053
2024-08-24,64160.0,2768.2,580.7,160.67,0.6127,0.1126,0.3935,0.15879,,12.341
2024-08-25,64227.5,2746.21,574.2,158.93,0.6001,0.10958,0.3849,0.1663,,12.102
2024-08-26,62818.3,2680.68,548.4,157.11,0.5874,0.1052,0.3661,0.16157,,11.838
2024-08-27,59404.8,2457.38,533.2,146.8,0.5666,0.09892,0.3504,0.15801,,11.157
2024-08-28,59034.0,2528.4,537.1,143.92,0.5693,0.09966,0.3501,0.15825,,11.175
2024-08-29,59352.1,2527.8,536.7,140.02,0.5621,0.10036,0.3578,0.15995,,10.941
2024-08-30,59135.6,2525.89,535.2,137.99,0.5667,0.10178,0.3469,0.16003,,11.111
2024-08-31,58974.5,2513.2,533.1,135.35,0.5662,0.10126,0.345,0.15767,,11.015
2024-09-01,57296.1,2426.0,512.3,128.47,0.5472,0.09509,0.3312,0.15564,,10.366
2024-09-02,59143.2,2538.0,526.6,134.94,0.5677,0.09911,0.3363,0.1542,,10.763
2024-09-03,57484.0,2424.94,518.9,127.56,0.5573,0.09677,0.3184,0.15026,,10.311
2024-09-04,57970.0,2450.34,507.9,133.61,0.558,0.09798,0.3232,0.15,,10.335
2024-09-05,56176.0,2368.62,502.5,129.4,0.5444,0.0984,0.3251,0.14979,,10.019
2024-09-06,53958.8,2225.1,486.9,125.03,0.521,0.09255,0.3148,0.14797,,9.573
2024-09-07,54155.8,2273.8,493.4,127.71,0.5249,0.09539,0.3251,0.15165,,10.027
2024-09-08,54875.9,2297.25,503.1,130.1,0.5294,0.09616,0.339,0.15319,,10.349
2024-09-09,57030.8,2359.19,518.8,135.05,0.5395,0.10377,0.3435,0.15458,,10.542
2024-09-10,57639.7,2388.3,517.0,135.61,0.5407,0.10278,0.343,0.153,,10.589
2024-09-11,57338.3,2340.5,530.2,132.4,0.5347,0.10131,0.3532,0.15339,,10.397
2024-09-12,58132.5,2361.86,544.6,136.04,0.5624,0.10271,0.3564,0.15193,,10.782
2024-09-13,60500.1,2439.59,556.2,138.98,0.5727,0.10698,0.3605,0.14895,,11.444
2024-09-14,59991.8,2417.99,553.4,137.15,0.5956,0.1054,0.354,0.14752,,11.292
2024-09-15,59126.2,2316.21,553.2,131.39,0.5706,0.10284,0.3388,0.14894,,10.809
2024-09-16,58211.9,2295.46,533.6,131.47,0.5865,0.09968,0.3303,0.14898,,10.545
2024-09-17,60314.6,2341.7,546.2,131.51,0.5838,0.10112,0.3338,0.15002,,10.624
2024-09-18,61767.7,2374.79,559.7,134.32,0.5853,0.10387,0.3442,0.14956,,10.89
2024-09-19,62956.3,2465.28,567.0,142.86,0.5869,0.10498,0.3509,0.15156,,11.204
2024-09-20,63200.0,2561.41,569.1,146.66,0.585,0.10554,0.3522,0.15189,,11.428
2024-09-21,63348.0,2612.89,588.7,149.46,0.5976,0.10994,0.3583,0.15198,,11.495
2024-09-22,63574.2,2581.17,588.6,144.63,0.5871,0.10635,0.3517,0.15178,,11.129
2024-09-23,63336.1,2647.61,604.8,144.79,0.5847,0.10802,0.3637,0.15238,,11.395
2024-09-24,64275.8,2653.39,606.0,152.71,0.5911,0.10975,0.3878,0.15126,,12.148
2024-09-25,63154.9,2580.27,587.7,147.95,0.5829,0.10852,0.381,0.15006,,12.109
2024-09-26,65163.4,2631.99,596.2,155.51,0.5904,0.11814,0.4017,0.1531,,12.56
2024-09-27,65774.1,2694.64,607.0,157.63,0.5885,0.1235,0.4018,0.15513,,12.667
2024-09-28,65853.3,2675.18,601.0,156.79,0.6137,0.1281,0.4006,0.15508,,12.938
2024-09-29,65603.5,2657.61,595.5,158.46,0.6411,0.12436,0.3978,0.15639,,12.462
2024-09-30,63327.5,2602.16,567.7,152.5,0.6114,0.11422,0.3734,0.15589,,11.852
2024-10-01,60814.5,2448.07,547.3,145.16,0.597,0.10686,0.3521,0.15356,,11.017
2024-10-02,60642.1,2364.0,542.8,140.2,0.5385,0.10464,0.3432,0.15451,,10.655
2024-10-03,60753.8,2349.83,544.8,136.79,0.5217,0.10509,0.3452,0.15771,,10.656
2024-10-04,62094.1,2414.51,555.5,143.23,0.5339,0.10923,0.3517,0.1565,,11.075
2024-10-05,62058.6,2414.67,563.0,142.6,0.5295,0.1094,0.351,0.15347,,11.265
2024-10-06,62825.3,2440.01,570.5,146.48,0.5335,0.11158,0.3576,0.15433,,11.278
2024-10-07,62222.1,2422.63,564.3,143.98,0.5288,0.10844,0.3512,0.15584,,11.159
2024-10-08,62155.9,2440.72,580.5,143.51,0.5311,0.10712,0.345,0.16002,,10.83
2024-10-09,60637.5,2370.74,570.6,139.33,0.5245,0.10795,0.3396,0.16055,,10.539
2024-10-10,60322.4,2386.22,563.6,139.05,0.5305,0.10603,0.3396,0.1588,,10.56
2024-10-11,62546.0,2439.58,573.5,145.5,0.5387,0.11075,0.3517,0.15982,,10.898
2024-10-12,63209.9,2476.4,576.4,146.38,0.5393,0.11141,0.3532,0.1625,,11.0
2024-10-13,62872.0,2468.96,572.4,147.72,0.532,0.11138,0.3488,0.16258,,10.752
2024-10-14,66089.8,2629.77,589.1,157.58,0.5483,0.11671,0.3644,0.16056,,11.284
2024-10-15,67072.1,2607.3,594.8,154.74,0.5416,0.11748,0.3591,0.15879,,11.459
2024-10-16,67614.3,2611.19,600.9,154.25,0.5482,0.12573,0.3521,0.16003,,11.241
2024-10-17,67426.5,2605.67,592.8,150.5,0.5441,0.12961,0.3434,0.15942,,11.038
2024-10-18,68431.4,2642.48,599.4,154.95,0.5466,0.13713,0.3509,0.15846,,11.482
2024-10-19,68366.2,2648.55,597.8,159.77,0.5441,0.14413,0.3516,0.15674,,11.416
2024-10-20,69035.6,2747.15,605.9,167.41,0.5481,0.14217,0.365,0.15681,,11.977
2024-10-21,67371.7,2666.57,598.8,166.16,0.5449,0.14366,0.3607,0.15836,,11.704
2024-10-22,67421.2,2622.47,593.9,167.59,0.5339,0.13973,0.3643,0.16028,,11.971
2024-10-23,66666.0,2524.7,585.1,170.86,0.5258,0.13998,0.3501,0.16034,,11.331
2024-10-24,68198.5,2535.96,594.7,177.2,0.532,0.14194,0.3465,0.16459,,11.617
2024-10-25,66710.0,2440.8,574.9,164.89,0.5022,0.13158,0.3262,0.16254,,11.141
2024-10-26,67095.9,2482.7,583.4,170.89,0.5135,0.13744,0.3338,0.16514,,11.01
2024-10-27,68022.9,2508.0,589.4,176.64,0.517,0.14426,0.3399,0.16399,,10.983
2024-10-28,69961.2,2567.4,601.3,178.29,0.5193,0.16141,0.3436,0.16413,,11.18
2024-10-29,72746.0,2639.01,606.6,179.43,0.5284,0.1759,0.3562,0.16636,,11.797
2024-10-30,72345.2,2659.07,595.9,174.86,0.5229,0.16825,0.3551,0.16925,,12.394
2024-10-31,70302.2,2518.72,577.0,168.66,0.5096,0.16164,0.3417,0.16846,,11.418
2024-11-01,69495.5,2511.76,573.2,166.1,0.5131,0.15916,0.3575,0.16738,,11.253
2024-11-02,69371.0,2494.3,568.7,166.16,0.5105,0.15955,0.3483,0.16617,,11.19
2024-11-03,68769.3,2457.52,557.8,162.5,0.5031,0.15133,0.334,0.16509,,10.761
2024-11-04,67850.0,2398.15,552.7,157.95,0.5037,0.1582,0.3264,0.1629,,10.255
2024-11-05,69372.7,2422.4,563.4,166.62,0.514,0.16998,0.3336,0.16009,,10.834
2024-11-06,75584.8,2721.85,592.3,186.56,0.5419,0.19644,0.363,0.16253,,12.173
2024-11-07,75860.3,2895.42,598.5,196.33,0.5556,0.19325,0.4067,0.16015,,12.584
2024-11-08,76499.1,2962.15,597.9,199.85,0.5535,0.20196,0.4446,0.16099,,13.692
2024-11-09,76675.0,3126.35,624.9,199.91,0.5592,0.21886,0.4967,0.16208,,13.781
2024-11-10,80360.0,3183.15,627.5,210.08,0.5883,0.27779,0.5901,0.16398,,14.265
2024-11-11,88640.0,3371.46,659.8,222.14,0.6206,0.35113,0.613,0.16781,,14.909
2024-11-12,87944.5,3243.8,625.9,211.63,0.7042,0.37987,0.5707,0.1874,,13.949
2024-11-13,90378.4,3187.18,620.7,215.16,0.69,0.39902,0.578,0.17704,,13.479
2024-11-14,87330.0,3058.97,622.5,209.55,0.7738,0.36257,0.5787,0.17649,,12.995
2024-11-15,91022.9,3089.66,619.1,218.48,0.8921,0.38151,0.7071,0.19115,,13.832
2024-11-16,90583.3,3133.05,622.6,215.73,1.1207,0.36419,0.7415,0.20018,,14.521
2024-11-17,89860.0,3076.26,618.9,237.46,1.0542,0.367,0.7024,0.19943,,13.785
2024-11-18,90464.0,3208.01,619.4,239.78,1.1141,0.37116,0.7324,0.20212,,15.266
2024-11-19,92307.9,3107.69,615.6,237.62,1.1004,0.39067,0.7387,0.19951,,14.622
2024-11-20,94286.8,3070.0,606.0,235.47,1.1042,0.37785,0.8001,0.19463,,14.235
2024-11-21,98317.2,3356.15,622.1,256.4,1.2466,0.38665,0.8214,0.19865,,14.889
2024-11-22,98891.8,3327.68,633.2,256.95,1.4729,0.41272,1.0175,0.20479,,16.562
2024-11-23,97666.5,3394.16,650.4,254.89,1.4686,0.4302,1.0657,0.21201,,17.385
2024-11-24,97899.9,3361.2,660.1,252.75,1.433,0.43035,1.0224,0.20863,,17.903
2024-11-25,93002.0,3415.0,636.5,234.22,1.4138,0.39272,0.9433,0.19593,,17.35
2024-11-26,91960.1,3325.13,614.0,230.69,1.3984,0.387,0.9604,0.19438,,17.35
2024-11-27,95848.1,3653.43,644.5,241.97,1.4694,0.40097,1.0122,0.20102,,18.669
2024-11-28,95636.7,3578.42,654.3,237.61,1.5422,0.40157,1.032,0.20329,,17.933
2024-11-29,97456.1,3591.99,654.4,243.33,1.8003,0.42627,1.0755,0.20449,,18.246
2024-11-30,96409.0,3703.63,653.6,237.61,1.9514,0.42155,1.0786,0.20484,,19.001
2024-12-01,97190.2,3707.45,655.7,236.79,2.2957,0.44039,1.1499,0.20716,,18.917
2024-12-02,95828.1,3643.79,647.9,225.75,2.7245,0.42459,1.2022,0.22106,,25.212
2024-12-03,95857.3,3614.65,735.4,233.91,2.5102,0.40638,1.191,0.4332,,24.096
2024-12-04,98580.7,3837.55,739.7,229.14,2.3573,0.43276,1.1869,0.33052,,24.075
2024-12-05,96960.0,3785.63,717.6,235.87,2.2456,0.42692,1.1596,0.32246,,23.144
2024-12-06,99734.0,3998.81,730.3,236.83,2.4252,0.43468,1.2272,0.32551,,25.857
2024-12-07,99835.4,3996.59,749.9,238.1,2.6093,0.45284,1.2101,0.31885,,24.789
2024-12-08,101107.7,4004.53,741.9,237.04,2.6012,0.46639,1.1936,0.31834,,26.092
2024-12-09,97267.2,3712.05,689.2,216.65,2.212,0.41392,1.0031,0.26273,,22.232
2024-12-10,96593.2,3627.81,676.8,213.62,2.3706,0.39394,1.0213,0.26938,,22.118
2024-12-11,101117.4,3831.53,711.2,227.27,2.3946,0.41408,1.0864,0.28217,,24.072
2024-12-12,100001.1,3881.75,706.0,226.93,2.3382,0.4061,1.1231,0.2969,,29.145
2024-12-13,101418.6,3906.79,725.8,224.78,2.4222,0.40905,1.1213,0.29079,,29.002
2024-12-14,101421.3,3870.27,715.9,219.91,2.4006,0.39828,1.061,0.28234,,29.121
2024-12-15,104477.4,3959.77,718.9,224.26,2.4471,0.40663,1.0996,0.28569,,29.263
2024-12-16,106066.0,3986.37,721.0,216.21,2.484,0.40202,1.0773,0.29682,,28.746
2024-12-17,106128.4,3892.62,717.7,223.17,2.5671,0.39411,1.0521,0.27967,,27.861
2024-12-18,100213.1,3627.03,686.3,206.56,2.31,0.35828,0.9683,0.25803,,24.87
2024-12-19,97458.1,3417.21,665.4,193.8,2.2386,0.3143,0.8806,0.25108,,22.811
2024-12-20,97806.4,3472.3,678.4,194.48,2.2797,0.31791,0.9499,0.2486,,23.393
2024-12-21,97283.3,3338.88,663.6,181.43,2.2382,0.32042,0.9044,0.24492,,22.123
2024-12-22,95173.4,3281.8,649.8,180.51,2.2026,0.31262,0.8842,0.24423,,22.079
2024-12-23,94884.1,3422.2,694.1,190.1,2.2615,0.32497,0.9265,0.2525,,24.553
2024-12-24,98661.3,3493.2,696.9,197.13,2.3234,0.33717,0.9357,0.2565,,25.414
2024-12-25,99440.3,3496.99,702.7,197.46,2.2974,0.3343,0.9176,0.25799,,24.436
2024-12-26,95783.3,3334.56,689.3,188.46,2.1557,0.31272,0.8612,0.25385,,22.675
2024-12-27,94304.1,3333.41,691.6,184.23,2.1466,0.31192,0.877,0.25934,,21.558
2024-12-28,95305.3,3404.2,722.3,195.51,2.1841,0.32441,0.8896,0.25836,,21.99
2024-12-29,93737.6,3356.41,694.9,189.96,2.0939,0.31437,0.8591,0.25787,,20.947
2024-12-30,92796.4,3361.85,705.4,191.34,2.0586,0.31394,0.8616,0.25355,,20.577
2024-12-31,93585.1,3337.41,702.3,189.29,2.0839,0.31604,0.8452,0.25465,,20.012
2025-01-01,94589.5,3360.38,707.7,194.3,2.3328,0.32509,0.9225,0.25598,,21.728
2025-01-02,96988.4,3456.25,706.7,208.28,2.4028,0.33896,0.9614,0.2652,,22.067
2025-01-03,98183.4,3609.19,714.8,218.0,2.4535,0.37987,1.0894,0.27021,,23.474
2025-01-04,98221.9,3656.88,713.5,216.64,2.4201,0.39487,1.0705,0.2696,,23.593
2025-01-05,98363.9,3635.99,709.2,213.42,2.3992,0.38231,1.0911,0.26265,,23.569
2025-01-06,102230.6,3687.55,729.9,218.23,2.4198,0.38781,1.0937,0.26835,,23.832
2025-01-07,96957.9,3380.81,697.6,202.15,2.2708,0.348,0.9892,0.25258,,21.379
2025-01-08,95037.0,3327.08,695.8,197.48,2.3728,0.3423,0.9468,0.2505,,20.446
2025-01-09,92553.1,3219.3,684.9,184.96,2.2732,0.32101,0.9044,0.24016,,19.646
2025-01-10,94726.5,3267.1,693.4,187.73,2.3418,0.33385,0.9304,0.24447,,20.245
2025-01-11,94612.5,3283.2,696.9,188.1,2.5768,0.3412,0.9953,0.24097,,20.215
2025-01-12,94549.9,3267.49,693.2,188.51,2.5045,0.33589,0.9676,0.23361,,19.839
2025-01-13,94538.5,3137.61,689.0,182.81,2.5233,0.33809,0.9444,0.2229,,19.36
2025-01-14,96559.9,3225.68,699.0,187.53,2.6677,0.35592,0.9972,0.22088,,20.3
2025-01-15,100497.0,3451.29,714.7,205.84,3.1433,0.38537,1.0755,0.23816,,22.091
2025-01-16,99990.8,3307.96,708.2,211.15,3.2446,0.37643,1.0891,0.23711,,23.021
2025-01-17,104084.4,3473.77,721.7,219.5,3.2931,0.41521,1.1329,0.24881,,25.095
2025-01-18,104551.6,3307.91,709.8,261.95,3.2699,0.39637,1.1047,0.24233,,24.117
2025-01-19,101334.0,3215.35,683.0,257.33,2.9579,0.35839,0.9925,0.22856,,24.33
2025-01-20,102264.3,3284.4,682.5,242.13,3.1052,0.35457,1.0093,0.23824,,25.073
2025-01-21,106150.1,3327.5,692.5,250.35,3.174,0.37186,1.006,0.2448,,26.659
2025-01-22,103704.1,3243.15,695.6,257.39,3.18,0.36281,0.9823,0.25368,,25.298
2025-01-23,103914.8,3338.98,689.7,253.09,3.1189,0.35202,0.9866,0.25262,,25.665
2025-01-24,104866.1,3310.21,680.7,253.38,3.1007,0.35091,0.9712,0.25431,,25.173
2025-01-25,104740.3,3319.4,686.6,256.41,3.1075,0.35345,0.9765,0.25339,,24.917
2025-01-26,102604.5,3232.81,667.1,240.5,3.0225,0.33596,0.9531,0.24614,,24.881
2025-01-27,102076.1,3183.0,680.0,234.93,3.0553,0.33398,0.9347,0.24651,,24.209
2025-01-28,101349.3,3077.28,661.3,227.05,3.0576,0.31874,0.9169,0.23992,,22.616
2025-01-29,103733.3,3113.81,667.7,228.16,3.0683,0.32412,0.9402,0.24013,,23.659
2025-01-30,104727.2,3247.47,677.6,238.3,3.1278,0.33156,0.9595,0.25199,,24.458
2025-01-31,102439.9,3301.1,677.6,231.76,3.0362,0.32893,0.9427,0.25368,,25.151
2025-02-01,100633.2,3117.31,652.9,212.98,2.8775,0.30796,0.8948,0.24421,,22.967
2025-02-02,97698.9,2869.91,618.0,203.5,2.5803,0.26801,0.8046,0.22558,,20.458
2025-02-03,101337.5,2879.38,616.8,216.25,2.7,0.28481,0.8119,0.22872,,21.648
2025-02-04,97767.9,2731.55,572.8,206.59,2.5273,0.26343,0.744,0.22456,,19.977
2025-02-05,96616.1,2788.22,569.6,196.12,2.3816,0.25613,0.7326,0.22252,,19.19
2025-02-06,96554.7,2686.92,571.8,189.55,2.325,0.24788,0.7051,0.23163,,18.589
2025-02-07,96504.1,2622.2,577.7,191.97,2.3961,0.2465,0.7073,0.23008,,18.385
2025-02-08,96458.1,2632.29,612.6,199.28,2.4192,0.25288,0.7006,0.23131,,18.437
2025-02-09,96475.9,2627.22,615.8,200.49,2.3924,0.24892,0.6816,0.23216,,18.268
2025-02-10,97431.7,2661.22,618.5,200.49,2.4233,0.25537,0.712,0.24633,,18.8
2025-02-11,95779.9,2602.6,642.0,197.99,2.4128,0.25307,0.7782,0.241,,18.649
2025-02-12,97870.1,2738.34,697.0,196.77,2.4732,0.26419,0.7996,0.24327,,19.201
2025-02-13,96617.0,2675.81,664.5,194.26,2.5594,0.26243,0.8102,0.23416,,18.548
2025-02-14,97504.0,2725.52,659.9,199.41,2.7388,0.2718,0.7998,0.23149,,19.38
2025-02-15,97587.3,2693.3,662.3,194.48,2.7621,0.27174,0.781,0.23754,,18.996
2025-02-16,96105.6,2661.21,673.2,188.25,2.7282,0.26548,0.7713,0.24239,,18.692
2025-02-17,95778.3,2744.46,667.3,177.54,2.6602,0.25823,0.809,0.23872,,19.111
2025-02-18,95656.6,2672.0,648.3,169.3,2.5632,0.25138,0.7543,0.23921,,17.874
2025-02-19,96644.3,2715.5,654.0,168.92,2.7375,0.25481,0.7738,0.24228,,17.981
2025-02-20,98307.9,2738.2,656.3,176.01,2.6882,0.25467,0.8037,0.24631,,18.283
2025-02-21,96172.9,2662.7,647.3,168.91,2.572,0.2396,0.762,0.23795,,17.428
2025-02-22,96552.1,2762.97,668.4,172.08,2.574,0.24653,0.7736,0.23935,,17.755
2025-02-23,96264.7,2819.61,658.0,167.95,2.5759,0.24287,0.7697,0.246,,17.613
2025-02-24,91534.5,2513.73,614.4,141.81,2.278,0.21044,0.6816,0.24006,,15.256
2025-02-25,88680.7,2495.3,623.4,144.32,2.3221,0.21158,0.683,0.2308,,15.309
2025-02-26,84254.0,2336.4,611.5,135.31,2.1982,0.20353,0.6474,0.22721,,15.253
2025-02-27,84717.4,2307.77,605.8,137.69,2.1987,0.20688,0.6453,0.22854,,15.112
2025-02-28,84339.4,2237.62,588.2,148.13,2.1455,0.20182,0.6328,0.23332,,14.819
2025-03-01,86056.1,2217.6,607.7,143.63,2.1915,0.20674,0.6591,0.23407,,14.761
2025-03-02,94269.5,2518.04,623.8,178.74,2.9389,0.23935,1.1354,0.24409,,17.421
2025-03-03,86219.7,2149.28,576.0,142.16,2.3874,0.19915,0.8576,0.23126,,14.45
2025-03-04,87277.9,2171.6,584.1,144.79,2.4546,0.19906,0.9412,0.24256,,14.868
2025-03-05,90608.7,2241.61,598.3,146.26,2.5,0.20471,0.9739,0.2436,,16.424
2025-03-06,89930.0,2202.4,596.7,143.29,2.5999,0.20152,0.9063,0.24014,,17.058
2025-03-07,86797.1,2141.8,594.9,139.39,2.3857,0.19846,0.8183,0.24358,,15.941
2025-03-08,86227.9,2203.79,593.4,137.0,2.3253,0.19231,0.805,0.24382,,15.261
2025-03-09,80743.3,2020.39,554.7,126.54,2.1386,0.16812,0.7209,0.2321,,13.805
2025-03-10,78595.8,1865.29,531.4,118.34,2.0212,0.15408,0.6712,0.22909,,12.65
2025-03-11,82943.2,1923.45,551.6,125.37,2.1708,0.16456,0.7241,0.22433,,13.123
2025-03-12,83691.9,1908.49,569.8,126.62,2.2396,0.17243,0.7361,0.22287,,13.477
2025-03-13,81119.5,1864.8,579.9,123.38,2.2525,0.16524,0.7028,0.22519,,13.034
2025-03-14,83988.7,1911.54,588.1,133.56,2.3566,0.17195,0.7373,0.22243,,13.67
2025-03-15,84342.0,1937.29,620.0,135.87,2.3915,0.17596,0.7467,0.22159,,14.016
2025-03-16,82578.1,1887.3,602.4,126.13,2.2938,0.16816,0.7048,0.21196,,13.371
2025-03-17,84011.9,1926.27,632.0,128.04,2.3383,0.17333,0.7175,0.22063,,14.03
2025-03-18,82709.7,1931.49,627.7,125.34,2.285,0.16802,0.7018,0.23705,,13.916
2025-03-19,86841.0,2056.49,618.4,135.33,2.5475,0.17797,0.7439,0.2309,,15.019
2025-03-20,84225.9,1983.79,630.3,127.61,2.4359,0.16947,0.718,0.23377,,14.218
2025-03-21,84086.5,1965.84,635.1,128.47,2.3804,0.16728,0.7049,0.23353,,13.959
2025-03-22,83850.0,1980.7,627.0,128.51,2.371,0.16737,0.7013,0.23702,,14.246
2025-03-23,86083.3,2006.02,623.6,132.84,2.439,0.17263,0.7103,0.23,,14.467
2025-03-24,87496.7,2081.16,637.3,140.99,2.45,0.18297,0.7322,0.22807,,15.123
2025-03-25,87414.6,2066.41,630.0,143.63,2.4493,0.19069,0.7447,0.22723,,15.442
2025-03-26,86926.2,2009.47,618.0,137.38,2.3494,0.1949,0.729,0.23136,,15.249
2025-03-27,87228.0,2003.81,637.0,138.46,2.3409,0.19049,0.7381,0.2351,,15.517
2025-03-28,84427.3,1897.03,619.8,129.49,2.2072,0.18024,0.7062,0.2324,,14.252
2025-03-29,82650.1,1828.28,602.7,124.6,2.1348,0.16956,0.673,0.23167,,13.551
2025-03-30,82398.2,1807.93,602.3,124.83,2.1367,0.16653,0.6611,0.23185,,13.413
2025-03-31,82556.9,1822.39,604.8,124.56,2.0901,0.16669,0.6619,0.2388,,13.51
2025-04-01,85168.2,1905.19,611.1,126.7,2.1389,0.174,0.6772,0.23782,,14.047
2025-04-02,82513.2,1795.3,590.4,117.44,2.024,0.16382,0.6399,0.23402,,12.904
2025-04-03,83216.3,1816.94,592.6,117.16,2.0646,0.16233,0.6508,0.23817,,12.9
2025-04-04,83889.0,1817.05,597.8,122.78,2.1306,0.17128,0.6604,0.23913,,12.946
2025-04-05,83534.2,1805.87,593.5,120.32,2.1444,0.16898,0.6547,0.23741,,12.852
2025-04-06,78426.0,1580.8,555.6,105.9,1.9219,0.14926,0.5737,0.23007,,11.29
2025-04-07,79174.4,1553.0,554.7,106.98,1.8984,0.14959,0.5862,0.22863,,11.454
2025-04-08,76329.9,1473.48,553.9,105.4,1.7964,0.1423,0.5584,0.23057,,10.922
2025-04-09,82618.4,1669.44,582.5,119.07,2.053,0.16032,0.6315,0.2385,,12.659
2025-04-10,79599.5,1522.35,578.2,112.83,1.9658,0.15351,0.6094,0.23634,,12.076
2025-04-11,83416.0,1566.58,586.4,121.41,2.0226,0.16002,0.6238,0.24297,,12.65
2025-04-12,85268.0,1644.23,597.2,132.26,2.16,0.16764,0.6594,0.24603,,13.153
2025-04-13,83760.0,1597.76,584.2,128.38,2.1195,0.16261,0.6382,0.25462,,12.624
2025-04-14,84586.6,1624.08,584.5,129.4,2.1276,0.15853,0.6351,0.25213,,12.642
2025-04-15,83650.7,1588.63,579.8,126.11,2.0844,0.15357,0.6093,0.25048,,12.238
2025-04-16,84029.7,1577.36,583.0,131.33,2.0833,0.15472,0.6107,0.24756,,12.357
2025-04-17,84955.0,1584.0,590.8,134.82,2.0674,0.15589,0.6169,0.24776,,12.536
2025-04-18,84468.6,1588.72,592.1,134.05,2.0616,0.15759,0.6275,0.23987,,12.565
2025-04-19,85087.8,1613.33,591.8,139.87,2.0877,0.15735,0.6281,0.24401,,12.933
2025-04-20,85183.7,1587.46,592.7,137.88,2.0788,0.15526,0.6202,0.24373,,13.28
2025-04-21,87516.1,1579.51,597.4,136.56,2.0856,0.15941,0.6242,0.24634,,13.102
2025-04-22,93447.9,1756.29,618.6,148.76,2.2137,0.17862,0.6795,0.24825,,14.134
2025-04-23,93676.1,1795.19,605.8,151.09,2.2186,0.17864,0.6978,0.24623,,15.024
2025-04-24,93973.9,1769.71,601.8,152.56,2.2051,0.18256,0.7218,0.24536,,15.056
2025-04-25,94640.0,1784.46,600.2,150.84,2.1811,0.18161,0.7135,0.24187,,14.916
2025-04-26,94631.8,1820.8,607.3,149.27,2.191,0.18195,0.707,0.25192,,14.872
2025-04-27,93744.0,1791.26,603.6,148.0,2.2523,0.17933,0.7032,0.24535,,14.561
2025-04-28,95014.6,1799.79,606.4,147.85,2.2947,0.17907,0.7053,0.2483,,15.02
2025-04-29,94242.0,1797.7,601.1,146.3,2.2379,0.17472,0.6958,0.2438,,14.609
2025-04-30,94163.1,1793.44,599.6,147.53,2.1906,0.17226,0.6815,0.24646,,14.294
2025-05-01,96488.2,1838.18,599.8,150.85,2.2125,0.18065,0.7051,0.24464,,14.748
2025-05-02,96891.6,1842.13,600.8,148.06,2.2092,0.1815,0.6983,0.24787,,14.664
2025-05-03,95861.6,1833.49,599.3,146.74,2.1875,0.17569,0.6995,0.24548,,14.251
2025-05-04,94273.7,1808.88,585.8,143.95,2.1562,0.17055,0.6762,0.24713,,13.861
2025-05-05,94737.3,1820.31,597.8,146.72,2.1306,0.17062,0.6623,0.24824,,13.646
2025-05-06,96833.9,1817.0,602.8,146.87,2.1548,0.1722,0.6785,0.24586,,13.82
2025-05-07,97026.0,1811.0,603.1,147.32,2.1262,0.17205,0.6715,0.24865,,13.817
2025-05-08,103270.0,2207.27,629.5,164.46,2.3274,0.19818,0.7696,0.25709,,15.892
2025-05-09,102986.0,2345.18,666.7,172.79,2.3442,0.20531,0.7775,0.26015,,16.02
2025-05-10,104820.0,2582.8,664.8,177.9,2.4714,0.25062,0.8407,0.26614,,17.339
2025-05-11,104126.0,2514.67,651.1,173.21,2.3673,0.23183,0.8051,0.26515,,17.108
2025-05-12,102790.0,2495.34,660.5,174.23,2.544,0.23101,0.8173,0.27173,,16.739
2025-05-13,104127.7,2679.56,664.5,183.74,2.5827,0.2408,0.83,0.27086,,17.395
2025-05-14,103500.0,2609.7,652.9,176.64,2.5508,0.23279,0.7987,0.27466,,17.012
2025-05-15,103766.7,2548.8,652.0,169.18,2.3854,0.21936,0.7625,0.27325,,16.042
2025-05-16,103461.2,2537.29,646.9,167.45,2.3796,0.22115,0.759,0.27162,,15.762
2025-05-17,103133.6,2475.51,639.7,165.96,2.3533,0.21465,0.7428,0.26955,,15.33
2025-05-18,106468.7,2497.99,651.4,173.31,2.4286,0.23313,0.7598,0.268,,15.879
2025-05-19,105568.1,2527.8,649.8,166.84,2.3802,0.22442,0.7424,0.26664,,15.786
2025-05-20,106846.1,2524.3,650.2,168.59,2.3561,0.22625,0.746,0.26915,,15.7
2025-05-21,109642.8,2550.9,674.0,173.56,2.3954,0.234,0.7694,0.26829,,16.102
2025-05-22,111701.9,2665.1,686.6,179.67,2.4309,0.24557,0.809,0.2759,,16.738
2025-05-23,107324.0,2526.6,657.0,174.01,2.2965,0.22526,0.747,0.2687,,15.538
2025-05-24,107767.2,2530.42,668.2,175.9,2.3304,0.22513,0.7467,0.27026,,15.342
2025-05-25,109004.9,2551.2,669.6,175.74,2.3419,0.22492,0.7599,0.27222,,15.532
2025-05-26,109437.9,2563.81,674.2,174.92,2.3104,0.226,0.7605,0.27382,,15.54
2025-05-27,108936.0,2661.03,687.1,176.71,2.3168,0.22601,0.7585,0.27789,,15.912
2025-05-28,107783.9,2681.51,687.1,172.23,2.2741,0.22099,0.7479,0.27375,,15.689
2025-05-29,105586.1,2631.41,674.9,166.71,2.2443,0.21492,0.7221,0.27462,,15.042
2025-05-30,103999.9,2531.16,655.3,156.19,2.1395,0.19358,0.6889,0.26704,,13.893
2025-05-31,104596.8,2528.31,658.1,156.44,2.1737,0.19249,0.6856,0.26565,,13.96
2025-06-01,105641.5,2539.27,660.8,157.69,2.1793,0.19363,0.6856,0.27078,,14.067
2025-06-02,105847.3,2607.58,666.0,156.81,2.1964,0.19507,0.6897,0.26875,,14.078
2025-06-03,105386.7,2593.24,661.7,155.21,2.2444,0.19308,0.6836,0.27023,,14.114
2025-06-04,104680.5,2608.18,663.4,153.26,2.2005,0.18812,0.6655,0.27432,,13.826
2025-06-05,101500.0,2414.16,633.2,144.3,2.0936,0.17109,0.6256,0.28191,,12.883
2025-06-06,104295.5,2476.43,642.8,147.84,2.1595,0.17876,0.6555,0.27791,,13.567
2025-06-07,105553.6,2524.73,650.8,150.07,2.1769,0.18513,0.6644,0.28687,,13.824
2025-06-08,105729.1,2509.67,651.8,152.44,2.2673,0.18419,0.6705,0.28177,,13.721
2025-06-09,110267.0,2680.24,665.7,161.17,2.3209,0.19491,0.705,0.28694,,14.35
2025-06-10,110274.1,2816.11,673.5,165.12,2.3075,0.19845,0.7166,0.2927,,15.447
2025-06-11,108645.7,2771.66,667.6,161.0,2.2705,0.19296,0.6981,0.2796,,14.893
2025-06-12,105663.8,2642.7,654.7,152.31,2.1901,0.18111,0.6613,0.27188,,13.974
2025-06-13,106066.1,2579.15,655.4,148.59,2.1476,0.18041,0.6423,0.26973,,13.443
2025-06-14,105410.9,2530.8,645.6,144.66,2.1393,0.17824,0.6247,0.2711,,13.151
2025-06-15,105579.9,2547.53,648.3,152.96,2.1656,0.17551,0.6334,0.27383,,13.296
2025-06-16,106803.8,2544.22,650.8,150.74,2.2381,0.17274,0.6302,0.27397,,13.563
2025-06-17,104564.0,2509.85,648.1,147.58,2.1591,0.16939,0.6089,0.27143,,12.988
2025-06-18,104890.1,2524.71,644.7,146.36,2.1706,0.17065,0.604,0.27296,,13.119
2025-06-19,104652.4,2520.71,644.7,147.04,2.1648,0.17091,0.6022,0.27473,,13.065
2025-06-20,103304.6,2406.74,641.8,140.11,2.1187,0.16234,0.577,0.27224,,12.51
2025-06-21,102124.4,2295.55,629.0,135.39,2.0626,0.15449,0.5562,0.27101,,12.029
2025-06-22,100949.2,2227.58,616.1,131.72,2.0176,0.15129,0.5418,0.26348,,11.655
2025-06-23,105356.0,2411.52,640.4,144.5,2.1584,0.16376,0.5821,0.27262,,12.83
2025-06-24,106094.1,2448.7,643.5,145.93,2.19,0.16573,0.5875,0.27373,,13.41
2025-06-25,107335.5,2418.54,646.1,143.56,2.1856,0.16458,0.5671,0.27317,,13.14
2025-06-26,106962.8,2416.35,642.4,139.07,2.1054,0.16001,0.5542,0.27098,,12.939
2025-06-27,107054.0,2423.27,645.7,142.11,2.1416,0.16101,0.5585,0.2732,,13.049
2025-06-28,107302.7,2435.77,648.7,150.72,2.1856,0.16365,0.5655,0.2747,,13.399
2025-06-29,108361.5,2500.57,655.0,153.31,2.2063,0.16945,0.5773,0.2769,,13.707
2025-06-30,107140.0,2485.1,657.2,154.83,2.2362,0.16515,0.5722,0.2798,,13.377
2025-07-01,105688.1,2405.13,646.6,146.87,2.172,0.15781,0.542,0.27879,,12.895
2025-07-02,108838.9,2570.59,659.8,152.3,2.2328,0.1687,0.5839,0.28454,,13.551
2025-07-03,109593.4,2590.92,663.6,152.33,2.2568,0.17199,0.5992,0.28691,,13.664
2025-07-04,107985.4,2508.07,653.7,147.69,2.2205,0.16291,0.5722,0.28271,,13.165
2025-07-05,108199.7,2516.21,656.2,147.57,2.2175,0.16421,0.5755,0.28308,,13.225
2025-07-06,109202.6,2570.62,663.1,151.86,2.2712,0.17194,0.5858,0.28701,,13.488
2025-07-07,108262.1,2542.37,661.0,148.91,2.2706,0.16794,0.5805,0.28666,,13.435
2025-07-08,108926.0,2615.18,660.5,151.67,2.3107,0.17091,0.5883,0.28745,,13.964
2025-07-09,111239.3,2768.49,668.7,157.07,2.4037,0.18055,0.6226,0.28982,,14.255
2025-07-10,116015.9,2951.1,685.7,164.34,2.5474,0.19505,0.6775,0.29401,,15.239
2025-07-11,117542.3,2958.49,690.0,162.94,2.7325,0.20103,0.7095,0.30111,,15.288
2025-07-12,117437.1,2943.28,685.8,160.7,2.7394,0.1974,0.7089,0.30237,,15.105
2025-07-13,119096.0,2972.01,692.1,161.15,2.8361,0.19852,0.7368,0.30279,,15.654
2025-07-14,119848.7,3013.79,689.1,162.22,2.9586,0.19752,0.7352,0.30254,,15.753
2025-07-15,117752.7,3137.65,690.0,164.01,2.9198,0.19918,0.7468,0.30043,,16.108
2025-07-16,118629.7,3371.4,708.7,173.64,3.0377,0.21267,0.7647,0.30972,,16.664
2025-07-17,119178.0,3476.89,720.6,175.89,3.482,0.21826,0.8215,0.31542,,17.993
2025-07-18,117934.0,3547.16,729.7,177.27,3.413,0.23577,0.8157,0.32616,,17.815
2025-07-19,117838.2,3592.11,733.3,176.98,3.424,0.24141,0.8297,0.3179,,18.396
2025-07-20,117260.1,3756.92,757.4,181.47,3.4533,0.27371,0.8581,0.31408,,19.28
2025-07-21,117378.1,3762.77,766.3,195.74,3.5497,0.27146,0.8891,0.31441,,19.499
2025-07-22,119954.9,3746.39,787.0,205.71,3.5509,0.27104,0.9036,0.31588,,19.676
2025-07-23,118757.9,3628.82,776.9,189.38,3.1843,0.24075,0.8155,0.30947,,18.17
2025-07-24,118341.8,3707.19,770.8,182.86,3.1454,0.23216,0.8059,0.31386,,17.911
2025-07-25,117615.8,3724.71,785.6,186.74,3.1422,0.23673,0.816,0.31707,,18.28
2025-07-26,117917.3,3741.67,793.2,184.88,3.166,0.23546,0.8195,0.3201,,18.415
2025-07-27,119439.3,3872.99,844.8,188.65,3.2394,0.2407,0.8319,0.31996,,19.229
2025-07-28,118073.9,3798.32,824.3,183.13,3.1238,0.22617,0.7929,0.32249,,18.113
2025-07-29,117944.1,3794.0,805.5,181.48,3.1281,0.22391,0.7828,0.33857,,17.837
2025-07-30,117836.4,3810.43,793.6,177.75,3.0972,0.21998,0.7634,0.32749,,17.705
2025-07-31,115754.8,3698.64,783.2,172.25,3.022,0.20979,0.739,0.32497,,16.927
2025-08-01,113294.3,3487.88,756.8,162.69,2.9615,0.20097,0.7142,0.32346,,16.071
2025-08-02,112559.9,3394.3,736.5,158.48,2.7695,0.191,0.6975,0.32204,,15.642
2025-08-03,114202.0,3496.98,751.2,161.95,2.9481,0.19873,0.7274,0.3276,,16.293
2025-08-04,115053.6,3721.2,768.6,169.56,3.0715,0.21039,0.7549,0.33276,,17.108
2025-08-05,114126.8,3612.16,755.4,164.07,2.9622,0.19984,0.7258,0.33387,,16.385
2025-08-06,114999.8,3683.11,769.5,168.11,2.991,0.20527,0.7413,0.33735,,16.676
2025-08-07,117478.0,3910.1,789.0,175.38,3.3196,0.2223,0.7873,0.33846,,18.472
2025-08-08,116665.9,4009.95,793.5,176.79,3.286,0.2304,0.7912,0.3378,,19.894
2025-08-09,116470.0,4260.97,798.6,179.93,3.2252,0.23991,0.8028,0.33501,,21.944
2025-08-10,119287.8,4251.13,807.0,182.67,3.1869,0.23389,0.8015,0.33825,,22.071
2025-08-11,118686.1,4223.69,805.2,174.83,3.1297,0.22207,0.7729,0.34507,,21.067
2025-08-12,120132.0,4590.2,832.9,191.77,3.2676,0.23577,0.8411,0.35244,,23.604
2025-08-13,123308.0,4749.94,848.0,201.52,3.275,0.24486,0.9043,0.36201,,23.971
2025-08-14,118298.5,4546.7,840.5,192.46,3.0793,0.22382,0.9256,0.35763,,22.453
2025-08-15,117338.1,4439.4,828.0,185.74,3.0779,0.22888,0.9453,0.35265,,21.758
2025-08-16,117386.1,4422.4,838.6,189.61,3.1055,0.23117,0.9208,0.34791,,22.636
2025-08-17,117409.6,4472.9,855.4,191.03,3.0877,0.23457,0.9605,0.35338,,25.642
2025-08-18,116234.4,4313.9,847.2,182.93,3.0615,0.22264,0.9234,0.35037,,25.787
2025-08-19,112865.6,4075.71,824.0,176.21,2.8609,0.20945,0.8464,0.34746,,23.561
2025-08-20,114279.6,4336.25,869.5,187.95,2.9513,0.22165,0.8809,0.3545,,26.46
2025-08-21,112511.4,4225.93,839.3,180.32,2.852,0.21475,0.8517,0.35369,,24.822
2025-08-22,116943.7,4831.6,900.3,200.65,3.0741,0.24054,0.9315,0.36671,,26.797
2025-08-23,115424.1,4778.76,880.2,204.17,3.0484,0.23632,0.9143,0.36241,,26.279
2025-08-24,113490.0,4780.31,876.4,205.98,3.0261,0.23181,0.909,0.36139,,25.824
2025-08-25,110119.0,4376.72,839.5,187.2,2.8582,0.20968,0.837,0.34157,,23.389
2025-08-26,111771.8,4600.41,863.6,195.86,3.012,0.2184,0.8665,0.35183,,24.383
2025-08-27,111254.1,4507.13,855.2,202.97,2.9688,0.21892,0.8509,0.34509,,23.778
2025-08-28,112564.0,4511.68,873.5,214.44,2.9661,0.2244,0.8578,0.34514,,25.18
2025-08-29,108385.7,4360.71,862.4,205.11,2.8194,0.21394,0.8266,0.33859,,23.412
2025-08-30,108815.0,4374.56,862.2,202.72,2.8181,0.21597,0.8221,0.33909,,23.504
2025-08-31,108248.3,4391.91,857.4,200.67,2.776,0.21373,0.8114,0.34098,,23.205
2025-09-01,109235.9,4314.59,845.8,197.31,2.759,0.21076,0.8013,0.33727,,22.518
2025-09-02,111233.7,4326.7,852.0,209.64,2.8616,0.21485,0.8348,0.3381,,23.495
2025-09-03,111700.0,4450.28,854.6,210.72,2.8442,0.22029,0.8366,0.34057,,23.697
2025-09-04,110721.1,4297.61,843.5,202.34,2.7948,0.21242,0.8093,0.33448,,22.316
2025-09-05,110673.3,4307.36,850.1,203.4,2.8146,0.21784,0.8303,0.33129,,22.293
2025-09-06,110192.1,4273.68,861.0,200.18,2.8097,0.21591,0.8184,0.31416,,22.199
2025-09-07,111137.6,4306.14,880.0,206.32,2.8773,0.22877,0.8351,0.33128,,22.461
2025-09-08,112063.4,4305.99,878.0,214.13,2.9697,0.24169,0.8651,0.33126,,23.046
2025-09-09,111541.9,4310.31,879.8,217.23,2.9471,0.24062,0.8652,0.335,,23.055
2025-09-10,113957.7,4349.98,893.8,224.05,2.9831,0.24532,0.8854,0.3383,,23.572
2025-09-11,115477.9,4458.66,902.8,228.73,3.0397,0.25607,0.894,0.34624,,24.463
2025-09-12,116030.1,4712.51,925.0,242.19,3.1056,0.27553,0.9172,0.35269,,25.121
2025-09-13,115924.4,4667.2,933.9,242.38,3.1192,0.28936,0.9295,0.34978,,24.89
2025-09-14,115268.3,4604.52,926.2,239.76,3.0282,0.27794,0.8877,0.34848,,24.096
2025-09-15,115350.6,4523.2,919.8,234.35,2.9971,0.26832,0.8633,0.34482,,23.567
2025-09-16,116797.7,4501.28,956.1,236.98,3.0374,0.26999,0.8802,0.34241,,23.49
2025-09-17,116451.3,4589.95,990.5,244.83,3.084,0.28256,0.9137,0.34318,,23.985
2025-09-18,117081.1,4587.6,981.5,247.51,3.0731,0.2786,0.9245,0.35055,,24.63
2025-09-19,115630.1,4469.09,984.4,238.56,2.9904,0.26528,0.8905,0.34374,,23.477
2025-09-20,115685.9,4480.6,1044.5,239.5,2.9755,0.2676,0.8934,0.34671,,23.332
2025-09-21,115236.0,4445.4,1048.2,236.2,2.9706,0.26076,0.8842,0.34242,,22.954
2025-09-22,112656.0,4198.87,993.0,220.38,2.8525,0.24124,0.8255,0.33999,,21.654
2025-09-23,112004.6,4164.28,1016.4,213.3,2.8246,0.23708,0.8058,0.33585,,21.514
2025-09-24,113303.1,4152.25,1018.4,211.61,2.9256,0.24108,0.8127,0.33821,,21.608
2025-09-25,108990.8,3874.19,946.3,192.75,2.7436,0.22295,0.7638,0.33195,,20.147
2025-09-26,109639.9,4032.28,960.9,205.14,2.7832,0.23244,0.7918,0.33841,,21.078
2025-09-27,109630.7,4019.0,968.6,203.46,2.8045,0.2308,0.7809,0.33656,,20.903
2025-09-28,112172.1,4141.48,992.8,210.82,2.8675,0.23738,0.8087,0.33572,,21.678
2025-09-29,114313.0,4214.75,1030.1,212.73,2.8794,0.23477,0.8061,0.33682,,21.73
2025-09-30,114047.2,4145.3,1008.7,208.7,2.8467,0.23292,0.8072,0.33356,,21.309
2025-10-01,118607.7,4348.31,1026.4,222.05,2.9483,0.24906,0.8508,0.34155,,22.577
2025-10-02,120540.8,4484.64,1090.3,234.74,3.0385,0.26202,0.8708,0.3426,,22.777
2025-10-03,122239.4,4512.79,1190.1,232.86,3.04,0.25819,0.8654,0.34193,,22.503
2025-10-04,122396.9,4487.62,1151.3,227.85,2.9688,0.25084,0.8396,0.34044,,22.021
2025-10-05,123480.1,4514.63,1167.7,228.58,2.9696,0.25286,0.8372,0.34146,,22.0
2025-10-06,124673.0,4684.25,1224.0,232.37,2.9881,0.26597,0.8713,0.3462,,23.374
2025-10-07,121344.9,4447.3,1305.4,219.93,2.8522,0.24681,0.8199,0.33776,,21.809
2025-10-08,123304.1,4525.98,1307.2,229.05,2.8795,0.25568,0.8389,0.3421,,22.628
2025-10-09,121656.4,4368.2,1255.8,220.94,2.8024,0.24849,0.8152,0.33699,,21.993
2025-10-10,112769.0,3822.49,1102.5,187.79,2.3629,0.19303,0.6338,0.32049,,17.229
2025-10-11,110654.0,3747.38,1135.7,177.62,2.382,0.18525,0.6315,0.31441,,17.194
2025-10-12,114972.6,4152.11,1303.6,197.02,2.5282,0.20715,0.7,0.32285,,18.992
2025-10-13,115174.9,4241.8,1295.5,208.7,2.6052,0.21383,0.7286,0.32264,,19.841
2025-10-14,113036.0,4124.95,1208.5,202.47,2.5035,0.2044,0.6991,0.31678,,19.11
2025-10-15,110763.2,3986.15,1163.2,193.85,2.4113,0.19624,0.6686,0.31931,,18.061
2025-10-16,108195.1,3894.62,1145.0,184.85,2.3282,0.18852,0.6455,0.31609,,17.429
2025-10-17,106430.8,3831.88,1070.8,181.97,2.2935,0.18473,0.6247,0.30895,,16.605
2025-10-18,107175.6,3888.96,1093.0,187.57,2.3596,0.1896,0.6343,0.31297,,16.815
2025-10-19,108649.8,3982.74,1109.8,187.86,2.3908,0.19537,0.6529,0.32059,,17.283
2025-10-20,110544.4,3979.43,1100.6,189.72,2.495,0.19999,0.6626,0.32241,,18.654
2025-10-21,108310.0,3873.09,1057.3,185.66,2.4222,0.19428,0.6426,0.32169,,17.607
2025-10-22,107584.0,3805.43,1071.7,180.1,2.3647,0.18992,0.6238,0.32264,,17.204
2025-10-23,110073.8,3857.38,1126.7,191.34,2.3946,0.19494,0.643,0.3139,,17.431
2025-10-24,111010.0,3935.2,1109.0,193.58,2.5104,0.19776,0.6561,0.30373,,17.902
2025-10-25,111650.0,3953.94,1116.9,193.83,2.5959,0.19653,0.6542,0.29715,,18.015
2025-10-26,114554.6,4159.27,1138.6,200.07,2.646,0.2058,0.6813,0.30028,,18.542
2025-10-27,114111.7,4120.39,1138.7,198.69,2.6343,0.20037,0.667,0.29823,,18.214
2025-10-28,112892.9,3979.72,1103.3,194.15,2.6037,0.19365,0.6458,0.29551,,17.831
2025-10-29,110024.2,3903.27,1107.7,193.89,2.5501,0.19234,0.6401,0.29598,,18.135
2025-10-30,108311.6,3804.63,1078.9,184.66,2.4393,0.18267,0.6015,0.2926,,16.8
2025-10-31,109604.1,3847.89,1088.8,187.2,2.5096,0.18644,0.6091,0.29625,,17.245
2025-11-01,110096.0,3873.9,1094.9,186.38,2.5056,0.18737,0.6129,0.29737,,17.151
2025-11-02,110550.0,3906.52,1083.3,187.75,2.5267,0.18638,0.6106,0.2981,,17.586
2025-11-03,106584.3,3603.75,994.0,166.07,2.3094,0.16739,0.5527,0.2813,,15.244
2025-11-04,101490.4,3286.91,936.7,155.03,2.2053,0.16227,0.5207,0.28551,,14.688
2025-11-05,103883.0,3424.34,959.5,162.37,2.3426,0.16724,0.5453,0.2889,,15.086
2025-11-06,101349.9,3315.43,950.4,155.28,2.2133,0.16165,0.532,0.28388,,14.746
2025-11-07,103335.4,3435.66,991.4,161.81,2.3156,0.17877,0.5763,0.29229,,15.795
2025-11-08,102320.1,3401.79,990.9,158.0,2.2863,0.17607,0.5687,0.29168,,15.525
2025-11-09,104722.4,3583.51,996.0,164.56,2.366,0.17931,0.5791,0.29064,,15.928
2025-11-10,106012.0,3567.91,991.9,167.32,2.526,0.18176,0.5929,0.29651,,16.371
2025-11-11,103061.7,3418.25,958.1,154.6,2.3919,0.17208,0.5564,0.29682,,15.287
2025-11-12,101658.0,3414.91,953.0,153.42,2.388,0.17019,0.5458,0.29454,,15.15
2025-11-13,99688.7,3231.66,927.1,144.73,2.3223,0.16384,0.5298,0.29315,,14.55
2025-11-14,94581.9,3112.4,915.5,138.92,2.2442,0.15767,0.4984,0.29258,,13.811
2025-11-15,95603.0,3167.99,932.3,139.6,2.2371,0.16316,0.5034,0.29489,,14.139
2025-11-16,94269.5,3095.44,926.7,137.19,2.2151,0.1586,0.4848,0.29235,,13.737
2025-11-17,92226.8,3031.53,907.3,131.0,2.1639,0.15215,0.4663,0.29179,,13.33
2025-11-18,92967.1,3123.67,932.9,140.7,2.2172,0.1617,0.4754,0.2903,,13.803
2025-11-19,91561.1,3025.71,898.1,137.08,2.1101,0.1546,0.4639,0.28696,,13.525
2025-11-20,86636.1,2834.15,866.9,133.65,1.9999,0.14892,0.4322,0.28054,,12.93
2025-11-21,85135.0,2765.94,830.6,128.68,1.9506,0.14029,0.4095,0.27668,,12.114
2025-11-22,84741.1,2770.18,834.2,127.59,1.9509,0.14027,0.4046,0.27425,,12.178
2025-11-23,86846.6,2802.19,843.9,130.58,2.0492,0.14503,0.4085,0.27508,,12.522
2025-11-24,88281.8,2953.32,864.6,138.42,2.2278,0.1518,0.4277,0.27479,,12.97
2025-11-25,87359.1,2959.38,862.6,138.96,2.2027,0.15299,0.4217,0.2746,,13.083
2025-11-26,90482.1,3026.5,891.8,143.03,2.2232,0.15475,0.4358,0.27654,,13.454
2025-11-27,91330.3,3015.39,895.8,140.85,2.2001,0.15266,0.433,0.28029,,13.34
2025-11-28,90890.5,3031.18,887.3,137.34,2.1795,0.15019,0.4199,0.28105,,13.124
2025-11-29,90801.9,2989.26,872.9,135.93,2.2006,0.14837,0.4146,0.28097,,12.983
2025-11-30,90367.3,2991.59,875.1,133.46,2.1551,0.14603,0.4145,0.28139,,12.956
2025-12-01,86283.3,2798.75,826.4,126.63,2.0299,0.13546,0.3856,0.27687,,12.074
2025-12-02,91284.0,2996.12,876.7,138.69,2.1533,0.14578,0.4335,0.28094,,13.467
2025-12-03,93423.0,3188.22,920.9,144.66,2.1972,0.15167,0.4499,0.28043,,14.636
2025-12-04,92062.7,3133.2,900.1,139.01,2.0959,0.14741,0.4394,0.28624,,14.252
2025-12-05,89330.8,3021.67,883.8,133.3,2.0344,0.13957,0.4157,0.28558,,13.595
2025-12-06,89233.9,3038.09,890.5,132.21,2.0307,0.13977,0.4137,0.28707,,13.92
2025-12-07,90394.1,3060.01,894.4,132.27,2.0441,0.13872,0.4174,0.28686,,13.65
2025-12-08,90639.9,3124.4,897.3,133.26,2.072,0.14259,0.4327,0.28118,,13.763
2025-12-09,92682.5,3318.3,897.5,137.89,2.1062,0.14794,0.4698,0.28218,,14.411
2025-12-10,92013.7,3323.97,893.3,136.25,2.042,0.14336,0.4535,0.28008,,14.097
2025-12-11,92522.3,3237.44,885.9,136.44,2.034,0.14032,0.4255,0.28046,,14.062
2025-12-12,90268.1,3084.59,881.6,132.26,2.0074,0.1369,0.4092,0.27373,,13.637
2025-12-13,90241.1,3114.27,897.1,133.14,2.0229,0.13905,0.4106,0.27108,,13.734
2025-12-14,88162.9,3063.26,877.5,129.4,1.9784,0.13409,0.3961,0.2773,,13.282
2025-12-15,86432.9,2965.15,858.7,127.84,1.8984,0.12976,0.3883,0.2783,,12.858
2025-12-16,87863.0,2962.5,875.5,129.17,1.9297,0.13178,0.386,0.28021,,12.929
2025-12-17,86248.1,2834.19,843.1,123.26,1.8626,0.12637,0.3673,0.27963,,12.269
2025-12-18,85506.1,2828.45,829.9,119.6,1.8076,0.12208,0.3516,0.2793,,11.934
2025-12-19,88143.1,2979.85,856.3,126.27,1.9091,0.13223,0.3768,0.28008,,12.538
2025-12-20,88366.1,2978.1,854.2,125.82,1.9334,0.13193,0.3731,0.28195,,12.552
2025-12-21,88656.1,3002.07,858.6,126.03,1.922,0.13112,0.3661,0.28825,,12.436
2025-12-22,88621.2,3009.98,858.3,125.92,1.9046,0.13259,0.371,0.28446,,12.585
2025-12-23,87487.4,2964.57,844.2,124.01,1.8735,0.1293,0.363,0.28351,,12.398
2025-12-24,87669.9,2947.48,846.7,122.53,1.8626,0.12855,0.3566,0.28029,,12.272
2025-12-25,87232.0,2904.01,829.3,120.07,1.8327,0.12365,0.3436,0.27872,,12.066
2025-12-26,87362.0,2928.09,834.8,122.27,1.8439,0.12213,0.3497,0.27953,,12.186
2025-12-27,87872.1,2948.65,845.3,124.72,1.8736,0.12436,0.37,0.2849,,12.512
2025-12-28,87951.0,2950.95,859.7,125.27,1.8656,0.12394,0.3686,0.28503,,12.494
2025-12-29,87232.1,2938.31,852.4,123.27,1.8508,0.12289,0.3531,0.28508,,12.305
2025-12-30,88496.6,2973.74,861.7,125.01,1.8775,0.1234,0.3514,0.28636,,12.422
2025-12-31,87638.9,2971.6,864.2,124.66,1.8421,0.11747,0.3336,0.28457,,12.204
2026-01-01,88847.1,3004.21,863.9,126.87,1.8798,0.12682,0.3565,0.28707,,12.609
2026-01-02,89986.9,3125.44,881.3,132.29,2.0066,0.14185,0.3948,0.28895,,13.277
2026-01-03,90633.0,3126.89,878.8,133.35,2.0182,0.14312,0.3894,0.29573,,13.234
2026-01-04,91537.1,3144.78,895.8,134.1,2.0907,0.1495,0.4011,0.29398,,13.428
2026-01-05,93870.9,3225.0,910.3,137.9,2.3475,0.1517,0.4211,0.29209,,13.91
2026-01-06,93750.0,3296.81,918.1,141.08,2.3043,0.15059,0.4194,0.29422,,14.033
2026-01-07,91370.9,3168.97,900.2,136.39,2.1654,0.1464,0.4022,0.29815,,13.447
2026-01-08,91097.2,3106.6,892.1,138.37,2.1227,0.14196,0.3957,0.2949,,13.215
2026-01-09,90636.0,3088.49,896.7,135.98,2.0958,0.14074,0.3914,0.29842,,13.143
2026-01-10,90504.9,3086.84,908.0,135.86,2.091,0.13964,0.3886,0.30242,,13.138
2026-01-11,91012.0,3123.62,904.1,139.69,2.0746,0.13803,0.391,0.29953,,13.21
2026-01-12,91304.0,3095.65,905.5,139.23,2.0541,0.13662,0.3863,0.29984,,13.081
2026-01-13,95411.8,3325.3,943.7,145.53,2.1656,0.14829,0.4218,0.30715,,14.056
2026-01-14,96945.9,3354.75,948.4,146.7,2.1392,0.14717,0.4142,0.30461,,14.108
2026-01-15,95607.0,3318.75,931.5,142.42,2.079,0.14005,0.3936,0.31269,,13.794
2026-01-16,95560.0,3296.27,938.2,144.92,2.068,0.13815,0.3956,0.30957,,13.732
2026-01-17,95153.9,3310.59,947.4,143.7,2.0632,0.13791,0.3973,0.31874,,13.745
2026-01-18,93674.1,3284.35,932.2,137.88,1.9917,0.13166,0.3759,0.3177,,13.307
2026-01-19,92628.0,3189.23,923.6,133.46,1.9862,0.12916,0.3703,0.31193,,12.877
2026-01-20,88418.6,2939.91,884.3,125.8,1.8897,0.12336,0.3507,0.29679,,12.128
2026-01-21,89456.1,2982.18,883.1,129.53,1.9475,0.12652,0.366,0.29929,,12.399
2026-01-22,89560.2,2952.89,888.0,128.48,1.9238,0.12439,0.3594,0.30528,,12.263
2026-01-23,89608.0,2956.25,891.7,127.44,1.9195,0.12477,0.3604,0.29792,,12.221
2026-01-24,89227.6,2953.5,887.1,127.2,1.9147,0.12422,0.3584,0.29541,,12.205
2026-01-25,86666.8,2817.36,866.0,118.86,1.8356,0.11945,0.3392,0.29573,,11.523
2026-01-26,88347.9,2930.0,879.4,124.24,1.904,0.12238,0.3522,0.29662,,11.948
2026-01-27,89250.0,3025.84,898.4,127.18,1.9158,0.1262,0.3607,0.29463,,12.047
2026-01-28,89299.9,3010.79,902.9,125.36,1.9114,0.125,0.3583,0.2954,,11.843
2026-01-29,84654.7,2822.58,868.6,117.81,1.808,0.11729,0.3345,0.29508,,11.123
2026-01-30,84253.2,2707.22,858.8,117.6,1.7354,0.11583,0.3208,0.29435,,10.792
2026-01-31,78738.9,2452.2,781.2,105.55,1.647,0.10424,0.2937,0.2867,,9.991
2026-02-01,76978.0,2270.47,758.5,100.78,1.5909,0.10426,0.2858,0.28478,,9.407
2026-02-02,78737.9,2347.0,773.9,104.54,1.6199,0.10792,0.2992,0.28346,,9.808
2026-02-03,75778.0,2233.81,755.0,97.87,1.5791,0.10602,0.2918,0.28618,,9.49
2026-02-04,73168.1,2148.11,697.2,92.13,1.512,0.10384,0.2864,0.28341,,9.257
2026-02-05,62913.2,1826.71,608.2,78.36,1.2146,0.08849,0.2454,0.26943,,7.916
2026-02-06,70571.8,2063.3,657.1,87.46,1.4696,0.09847,0.2761,0.27414,,8.884
2026-02-07,69296.3,2087.31,647.0,87.57,1.4231,0.09823,0.2721,0.27827,,8.91
2026-02-08,70334.0,2090.01,639.9,86.98,1.4308,0.09664,0.2701,0.27777,,8.824
2026-02-09,70136.4,2104.79,636.3,86.76,1.437,0.09613,0.27,0.27921,,8.837
2026-02-10,68841.3,2022.84,619.7,82.99,1.3997,0.09277,0.2618,0.27815,,8.574
2026-02-11,67081.7,1941.03,608.1,79.29,1.3695,0.09111,0.2558,0.27846,,8.322
2026-02-12,66281.4,1947.94,614.1,78.41,1.3635,0.09299,0.2643,0.28012,,8.413
2026-02-13,68850.0,2048.91,619.0,84.33,1.4071,0.09667,0.2729,0.28237,,8.767
2026-02-14,69821.7,2086.69,632.9,88.05,1.5088,0.11103,0.295,0.28265,,9.091
2026-02-15,68837.9,1966.59,615.1,86.15,1.4749,0.10268,0.2818,0.28055,,8.783
2026-02-16,68895.1,1998.32,627.2,86.44,1.4876,0.10106,0.2859,0.28461,,8.935
2026-02-17,67509.0,1991.69,617.8,85.08,1.4741,0.10065,0.281,0.28231,,8.828
2026-02-18,66466.6,1956.02,604.8,81.62,1.4219,0.09857,0.2737,0.27879,,8.604
2026-02-19,67003.2,1948.75,607.8,82.5,1.4067,0.09835,0.2729,0.28498,,8.579
2026-02-20,68014.0,1968.84,626.2,84.67,1.4292,0.10013,0.2849,0.28544,,8.942
2026-02-21,67977.1,1973.6,625.9,85.17,1.4305,0.09844,0.28,0.2892,,8.873
2026-02-22,67637.0,1957.97,614.8,82.79,1.3928,0.09558,0.2718,0.29065,,8.682
2026-02-23,64658.1,1856.51,596.3,77.91,1.3521,0.09267,0.2623,0.28185,,8.269
2026-02-24,64057.6,1851.8,583.5,78.98,1.3484,0.09139,0.2586,0.28394,,8.197
2026-02-25,67989.9,2057.5,629.6,88.04,1.434,0.10093,0.297,0.28537,,9.267
2026-02-26,67482.3,2027.62,625.8,85.89,1.4024,0.09698,0.287,0.28585,,9.097
2026-02-27,65873.2,1929.81,614.1,81.85,1.3561,0.09339,0.2776,0.2829,,8.713
2026-02-28,66969.0,1964.3,617.1,84.37,1.3762,0.09404,0.281,0.28188,,8.848
2026-03-01,65770.6,1939.68,617.9,83.61,1.3525,0.0919,0.2735,0.28073,,8.675
2026-03-02,68832.3,2027.5,637.8,86.64,1.3902,0.09357,0.277,0.28333,,8.952
2026-03-03,68332.0,1982.82,633.9,86.97,1.3605,0.08998,0.2626,0.28056,,8.808
2026-03-04,72678.3,2127.41,658.1,90.86,1.4307,0.09891,0.2763,0.28702,,9.35
2026-03-05,70884.4,2072.66,647.8,88.77,1.4037,0.09358,0.2691,0.28522,,9.205
2026-03-06,68117.1,1978.89,627.2,84.69,1.3634,0.09129,0.2591,0.28454,,8.797
2026-03-07,67263.0,1969.75,620.2,83.2,1.3568,0.08994,0.2544,0.2867,,8.697
2026-03-08,65973.2,1936.87,611.9,81.59,1.34,0.08914,0.2493,0.2892,,8.513
2026-03-09,68423.3,1993.32,634.6,84.95,1.3632,0.09051,0.2552,0.28561,,8.866
2026-03-10,69950.0,2036.71,642.0,85.87,1.3865,0.09453,0.262,0.28585,,8.982
2026-03-11,70194.8,2052.09,651.5,86.57,1.3847,0.09288,0.2626,0.29134,,8.999
2026-03-12,70525.0,2073.62,651.6,86.84,1.3848,0.09475,0.2635,0.28913,,9.056
2026-03-13,70931.1,2092.28,655.8,88.18,1.3989,0.09598,0.2657,0.29349,,9.089
2026-03-14,71213.5,2096.29,657.9,88.04,1.4063,0.09604,0.2636,0.2979,,9.17
2026-03-15,72806.8,2178.17,673.9,92.3,1.449,0.0974,0.2701,0.29871,,9.494
2026-03-16,74883.5,2352.68,679.6,96.21,1.543,0.10303,0.2904,0.29559,,9.923
2026-03-17,73904.2,2317.54,668.5,94.61,1.5183,0.10014,0.289,0.30675,,9.793
2026-03-18,71253.1,2203.42,652.2,90.09,1.4645,0.09526,0.2743,0.30451,,9.23
2026-03-19,69923.7,2137.87,639.1,88.89,1.4475,0.09355,0.2675,0.30365,,9.043
2026-03-20,70515.7,2146.28,642.3,89.86,1.4452,0.09418,0.2661,0.30963,,9.114
2026-03-21,68921.1,2084.7,630.3,87.56,1.4087,0.09135,0.2574,0.31207,,8.824
2026-03-22,67860.1,2053.9,626.5,86.21,1.385,0.09017,0.2507,0.31038,,8.687
2026-03-23,70900.0,2152.04,639.3,91.44,1.4322,0.09416,0.2617,0.30814,,9.109
2026-03-24,70557.5,2156.33,638.4,90.79,1.4159,0.09509,0.2663,0.30603,,9.247
2026-03-25,71334.9,2169.26,648.1,91.71,1.4147,0.09619,0.2704,0.31451,,9.377
2026-03-26,68827.2,2060.16,629.0,86.53,1.3609,0.09204,0.2548,0.31151,,8.913
2026-03-27,66403.9,1992.95,614.0,83.1,1.3255,0.09011,0.2459,0.31135,,8.57
2026-03-28,66780.1,2018.81,615.4,83.35,1.3484,0.09384,0.2504,0.31645,,8.614
